customer_id,customer_name,email,registration_date,customer_type
1,Allison Hill,allison.hill1@gmail.com,2023-02-08 20:28:06,PREMIUM
2,Brian Yang,brian.yang2@hotmail.com,2023-08-05 18:21:03,PREMIUM
3,Javier Johnson,javier.johnson3@gmail.com,2025-04-27 04:44:17,REGULAR
4,Lance Hoffman,lance.hoffman4@hotmail.com,2023-02-16 06:55:15,REGULAR
5,Kimberly Robinson,kimberly.robinson5@hotmail.com,2025-07-24 04:53:06,REGULAR
6,Sean Blake,sean.blake6@gmail.com,2025-10-06 13:26:52,PREMIUM
7,Gina Moore,gina.moore7@yahoo.com,2024-11-28 19:43:37,REGULAR
8,James Howard,james.howard8@yahoo.com,2023-01-11 02:17:28,PREMIUM
9,Renee Blair,renee.blair9@hotmail.com,2024-10-18 12:12:24,REGULAR
10,Thomas Miller,thomas.miller10@yahoo.com,2024-06-06 21:09:15,REGULAR
11,Lisa Hensley,lisa.hensley11@hotmail.com,2024-07-11 15:43:16,PREMIUM
12,Benjamin Stanley,benjamin.stanley12@yahoo.com,2023-03-09 11:56:59,PREMIUM
13,Dr. Sharon James,dr..sharon.james13@yahoo.com,2024-08-11 00:47:04,REGULAR
14,Holly Wood,holly.wood14@gmail.com,2025-09-03 13:23:25,REGULAR
15,Mia Sutton,mia.sutton15@gmail.com,2025-06-15 21:14:53,REGULAR
16,Carolyn Daniel,carolyn.daniel16@gmail.com,2025-10-24 05:41:00,REGULAR
17,Devin Schaefer,devin.schaefer17@hotmail.com,2023-05-04 22:51:37,PREMIUM
18,Melinda Cameron,melinda.cameron18@gmail.com,2024-08-13 12:07:58,REGULAR
19,Andrew Stewart,andrew.stewart19@yahoo.com,2024-07-20 17:55:46,REGULAR
20,Thomas Bradley,thomas.bradley20@hotmail.com,2025-11-07 01:56:29,REGULAR
21,Matthew Foster,matthew.foster21@hotmail.com,2025-10-03 16:30:37,REGULAR
22,Derek Wright,derek.wright22@hotmail.com,2025-04-09 18:10:40,PREMIUM
23,Nicole Patterson,nicole.patterson23@hotmail.com,2024-08-12 11:07:27,REGULAR
24,Daniel Bright,daniel.bright24@hotmail.com,2025-05-15 04:35:29,REGULAR
25,Peter Callahan Jr.,peter.callahan.jr.25@gmail.com,2023-03-28 21:31:04,REGULAR
26,Jennifer Brown,jennifer.brown26@yahoo.com,2024-05-05 00:56:31,REGULAR
27,Julie King,julie.king27@hotmail.com,2025-05-31 02:00:17,PREMIUM
28,Alexandra Le,alexandra.le28@hotmail.com,2025-10-15 04:31:28,REGULAR
29,Nicole Mack,nicole.mack29@yahoo.com,2025-09-25 15:15:17,REGULAR
30,Jeffrey Chavez,jeffrey.chavez30@hotmail.com,2024-01-19 02:56:23,PREMIUM
31,Deborah Mason,deborah.mason31@gmail.com,2025-06-27 02:56:43,REGULAR
32,Ashley Garrett,ashley.garrett32@hotmail.com,2024-07-16 08:12:20,REGULAR
33,Christina Brooks,christina.brooks33@gmail.com,2025-03-02 12:31:01,REGULAR
34,Paula Moreno,paula.moreno34@gmail.com,2023-06-20 08:00:57,REGULAR
35,Katherine Rodriguez,katherine.rodriguez35@yahoo.com,2025-11-23 02:10:42,REGULAR
36,Sandra Parker,sandra.parker36@gmail.com,2024-08-15 19:47:53,REGULAR
37,Keith Miller,keith.miller37@hotmail.com,2024-01-26 13:23:51,VIP
38,Mr. Philip Cannon,mr..philip.cannon38@gmail.com,2023-01-18 20:02:36,PREMIUM
39,Theresa Martin,theresa.martin39@hotmail.com,2025-04-14 03:42:17,PREMIUM
40,Jenny Lewis,jenny.lewis40@hotmail.com,2024-06-12 10:39:39,REGULAR
41,Melissa Marquez,melissa.marquez41@yahoo.com,2024-12-05 20:02:45,REGULAR
42,Marie Kim DDS,marie.kim.dds42@gmail.com,2024-02-14 03:51:19,VIP
43,Austin Smith,austin.smith43@hotmail.com,2025-02-27 15:44:40,VIP
44,Daniel Jones,daniel.jones44@hotmail.com,2024-04-08 14:49:41,PREMIUM
45,Austin Johnson,austin.johnson45@yahoo.com,2023-11-05 23:56:36,REGULAR
46,David Caldwell,david.caldwell46@gmail.com,2025-04-17 21:30:27,VIP
47,Miranda Khan,miranda.khan47@hotmail.com,2023-01-01 21:19:18,REGULAR
48,Richard Aguirre,richard.aguirre48@gmail.com,2023-06-23 18:43:51,VIP
49,Matthew Gomez,matthew.gomez49@yahoo.com,2024-04-22 16:57:27,REGULAR
50,Nicholas Nunez,nicholas.nunez50@hotmail.com,2025-05-31 08:35:59,VIP
51,James Morgan,james.morgan51@gmail.com,2025-01-24 23:02:15,PREMIUM
52,Connor West,connor.west52@yahoo.com,2025-04-07 12:43:31,PREMIUM
53,Joel Baxter,joel.baxter53@gmail.com,2025-01-08 07:48:40,VIP
54,Scott Pierce,scott.pierce54@gmail.com,2025-03-30 17:06:16,PREMIUM
55,Kimberly Smith,kimberly.smith55@gmail.com,2023-11-26 00:24:33,VIP
56,Sarah Martin,sarah.martin56@yahoo.com,2023-11-09 11:27:18,PREMIUM
57,Dr. Steven Martin,dr..steven.martin57@gmail.com,2025-11-09 10:18:17,REGULAR
58,Mrs. Rachel Gibson,mrs..rachel.gibson58@yahoo.com,2025-03-15 00:37:33,REGULAR
59,Monica Logan,monica.logan59@hotmail.com,2023-04-10 11:03:30,REGULAR
60,Brittney Phillips,brittney.phillips60@gmail.com,2023-12-24 11:17:56,REGULAR
61,Kimberly Adkins,kimberly.adkins61gmail.com,2023-12-22 15:34:06,REGULAR
62,John Calhoun,john.calhoun62@hotmail.com,2024-05-28 07:16:01,REGULAR
63,Tyler Miller,tyler.miller63@gmail.com,2025-11-05 05:17:57,REGULAR
64,Barry Hensley,barry.hensley64@yahoo.com,2025-06-06 02:01:46,REGULAR
65,Steve Sanchez,steve.sanchez65@hotmail.com,2025-01-04 17:42:33,PREMIUM
66,Bradley Sandoval,bradley.sandoval66@hotmail.com,2023-05-31 13:50:33,PREMIUM
67,Taylor Harris,taylor.harris67@hotmail.com,2024-09-30 15:00:13,REGULAR
68,Derek Anderson,derek.anderson68@hotmail.com,2025-11-12 00:50:59,PREMIUM
69,Eugene Walton,eugene.walton69@gmail.com,2023-04-05 03:48:15,REGULAR
70,Marc Hart,marc.hart70@gmail.com,2023-06-19 17:50:41,REGULAR
71,Daniel Baker,daniel.baker71@yahoo.com,2024-11-27 21:31:31,REGULAR
72,Sherry Wood,sherry.wood72@gmail.com,2024-12-19 16:01:28,REGULAR
73,Joshua Turner,joshua.turner73@hotmail.com,2024-11-19 09:06:41,PREMIUM
74,Mary Spencer,mary.spencer74@hotmail.com,2023-06-02 02:18:07,REGULAR
75,Shawn Baker,shawn.baker75@gmail.com,2023-01-23 22:12:45,VIP
76,Brittney Campbell,brittney.campbell76@gmail.com,2024-01-03 04:51:58,REGULAR
77,Christina Walters,christina.walters77@yahoo.com,2023-11-29 01:04:36,PREMIUM
78,Danielle Odonnell,danielle.odonnell78@gmail.com,2023-09-13 18:07:00,REGULAR
79,Jeff Hill,jeff.hill79@gmail.com,2024-02-16 23:29:11,VIP
80,Carlos Whitney,carlos.whitney80@gmail.com,2024-03-19 02:51:43,REGULAR
81,Kristen Patterson,kristen.patterson81@gmail.com,2025-05-13 08:32:41,PREMIUM
82,Tony Vazquez,tony.vazquez82@gmail.com,2023-10-22 23:54:20,REGULAR
83,Sandra Aguilar,sandra.aguilar83@gmail.com,2025-06-18 17:24:22,PREMIUM
84,Andrew Diaz,andrew.diaz84@gmail.com,2024-05-02 04:02:05,REGULAR
85,Christine Wright,christine.wright85@gmail.com,2025-02-20 03:37:15,VIP
86,Justin Baxter,justin.baxter86@hotmail.com,2023-03-30 08:37:27,VIP
87,Tammy Young,tammy.young87@gmail.com,2023-10-16 16:03:24,REGULAR
88,Rita Keith,rita.keith88@gmail.com,2024-01-01 09:02:12,REGULAR
89,Tim Patton,tim.patton89@yahoo.com,2025-06-03 23:02:19,REGULAR
90,Sharon Cochran,sharon.cochran90@yahoo.com,2025-08-20 04:12:59,REGULAR
91,Michael Reyes,michael.reyes91@gmail.com,2025-05-28 01:11:13,REGULAR
92,Courtney Velasquez,courtney.velasquez92@yahoo.com,2023-11-14 07:20:05,PREMIUM
93,Robert Savage,robert.savage93@gmail.com,2024-02-17 14:49:36,REGULAR
94,Corey Murphy,corey.murphy94@gmail.com,2024-04-11 00:42:06,REGULAR
95,Diana May,diana.may95@yahoo.com,2023-04-23 16:36:12,REGULAR
96,Sarah Rivera,sarah.rivera96@gmail.com,2025-05-24 13:55:27,VIP
97,Wesley White,wesley.white97@yahoo.com,2023-11-28 02:58:07,REGULAR
98,Kyle Reed,kyle.reed98@yahoo.com,2024-06-26 03:59:32,PREMIUM
99,William Wilson,william.wilson99@hotmail.com,2024-07-28 00:58:06,REGULAR
100,Andrew Graham,andrew.graham100@hotmail.com,2025-04-23 20:38:00,PREMIUM
101,Kimberly Ball,kimberly.ball101@hotmail.com,2025-10-12 22:00:15,REGULAR
102,Christina Reynolds,christina.reynolds102@hotmail.com,2025-05-11 13:04:18,REGULAR
103,Lisa Alvarado,lisa.alvarado103@gmail.com,2023-07-28 14:44:08,REGULAR
104,Elizabeth Parker,elizabeth.parker104@yahoo.com,2025-05-09 09:40:20,REGULAR
105,Michael Spencer,michael.spencer105@gmail.com,2023-11-24 04:50:33,PREMIUM
106,Todd Byrd,todd.byrd106@gmail.com,2025-09-12 06:06:17,PREMIUM
107,Elizabeth Kelley,elizabeth.kelley107@gmail.com,2024-01-26 02:28:43,VIP
108,Daniel Floyd,daniel.floyd108@hotmail.com,2023-05-24 09:08:10,REGULAR
109,Julie Ramos,julie.ramos109@gmail.com,2023-03-10 11:40:25,REGULAR
110,Rebecca Moyer,rebecca.moyer110@hotmail.com,2025-09-16 17:18:29,VIP
111,Bradley Robertson,bradley.robertson111@hotmail.com,2024-11-17 08:49:18,REGULAR
112,Anna Crane,anna.crane112@gmail.com,2023-01-16 00:30:45,REGULAR
113,Courtney Gonzalez,courtney.gonzalez113@gmail.com,2023-08-20 13:08:47,REGULAR
114,William Carr,william.carr114@gmail.com,2025-06-23 21:31:50,REGULAR
115,Stephen Johnston,stephen.johnston115@hotmail.com,2023-03-06 23:29:34,REGULAR
116,Kathleen Sanchez,kathleen.sanchez116@hotmail.com,2023-03-03 23:23:19,PREMIUM
117,Stephanie Dalton,stephanie.dalton117@gmail.com,2024-01-23 15:08:34,PREMIUM
118,Colleen Brock,colleen.brock118@hotmail.com,2025-05-19 17:58:13,PREMIUM
119,Amber Wright,amber.wright119@gmail.com,2025-08-22 03:56:17,PREMIUM
120,Robert Contreras,robert.contreras120@hotmail.com,2024-01-03 18:12:26,PREMIUM
121,Tiffany Vance,tiffany.vance121@hotmail.com,2023-10-03 00:59:26,PREMIUM
122,Stephanie Simmons,stephanie.simmons122@hotmail.com,2024-05-31 00:46:18,PREMIUM
123,Christopher Hensley,christopher.hensley123@yahoo.com,2025-11-06 15:56:52,PREMIUM
124,David Walsh,david.walsh124@hotmail.com,2024-02-19 11:14:16,REGULAR
125,Mr. Jeremiah Reeves,mr..jeremiah.reeves125@gmail.com,2024-08-17 06:11:20,PREMIUM
126,Francisco Fernandez,francisco.fernandez126@gmail.com,2023-12-12 12:55:48,REGULAR
127,James Hernandez,james.hernandez127@gmail.com,2024-06-27 04:12:39,REGULAR
128,Jason Daniels,jason.daniels128@yahoo.com,2023-12-20 13:22:29,REGULAR
129,Ross Price,ross.price129@hotmail.com,2024-09-10 23:53:18,REGULAR
130,Alicia Gilmore,alicia.gilmore130@hotmail.com,2024-03-09 14:32:02,REGULAR
131,Aaron Bell,aaron.bell131@yahoo.com,2025-11-21 14:16:17,VIP
132,Tiffany Barnes,tiffany.barnes132@hotmail.com,2023-02-12 21:01:21,REGULAR
133,Rebecca Hurst,rebecca.hurst133@yahoo.com,2023-10-05 09:29:26,REGULAR
134,Jeffrey Johnson,jeffrey.johnson134@yahoo.com,2023-03-01 10:19:54,REGULAR
135,Rebecca Ramsey,rebecca.ramsey135@yahoo.com,2024-05-02 06:44:16,REGULAR
136,Veronica Ferguson,veronica.ferguson136@yahoo.com,2023-06-29 15:35:14,REGULAR
137,Mary Miller,mary.miller137@yahoo.com,2024-01-31 16:44:36,REGULAR
138,Joel Williams,joel.williams138@yahoo.com,2025-03-18 16:02:07,VIP
139,Jesse Rogers,jesse.rogers139@yahoo.com,2025-11-07 18:50:34,REGULAR
140,Trevor Fisher,trevor.fisher140@gmail.com,2025-10-28 20:34:32,VIP
141,Paul Williams,paul.williams141@yahoo.com,2025-10-27 12:52:39,PREMIUM
142,Barry Bernard,barry.bernard142@gmail.com,2024-04-11 12:49:32,REGULAR
143,Tiffany Gonzalez,tiffany.gonzalez143@gmail.com,2024-05-21 16:58:48,REGULAR
144,Cynthia Wells,cynthia.wells144@gmail.com,2023-07-17 17:37:59,REGULAR
145,Claudia Lyons,claudia.lyons145@yahoo.com,2024-08-11 23:33:37,PREMIUM
146,Lawrence Adkins,lawrence.adkins146@gmail.com,2025-08-14 04:03:33,REGULAR
147,Carla Collins,carla.collins147@hotmail.com,2023-01-01 15:08:04,REGULAR
148,Eric Byrd,eric.byrd148@yahoo.com,2025-06-19 23:23:59,REGULAR
149,Miguel Jones,miguel.jones149@hotmail.com,2024-11-17 06:58:35,REGULAR
150,Dana Terry,dana.terry150@yahoo.com,2025-01-05 01:39:34,PREMIUM
151,Lindsay Martinez,lindsay.martinez151@hotmail.com,2023-09-21 14:33:13,PREMIUM
152,Hannah Patterson,hannah.patterson152@yahoo.com,2025-10-28 06:15:53,REGULAR
153,Matthew Smith,matthew.smith153@yahoo.com,2023-12-31 20:32:09,PREMIUM
154,Ashley Yu,ashley.yu154@hotmail.com,2023-11-06 08:06:07,REGULAR
155,Julia Hernandez,julia.hernandez155@gmail.com,2025-01-08 02:22:00,REGULAR
156,Tracie Nelson,tracie.nelson156@hotmail.com,2024-12-08 11:08:43,REGULAR
157,Julie Petersen,julie.petersen157@hotmail.com,2023-10-30 01:04:15,PREMIUM
158,Samuel Rivas,samuel.rivas158@gmail.com,2024-09-12 20:08:19,REGULAR
159,Jerry Christensen,jerry.christensen159@hotmail.com,2023-01-09 14:43:32,PREMIUM
160,Jamie Johnson,jamie.johnson160@yahoo.com,2023-06-15 13:51:44,PREMIUM
161,Daniel Salinas,daniel.salinas161@yahoo.com,2025-03-15 14:51:52,REGULAR
162,Kyle Beard,kyle.beard162@hotmail.com,2023-07-08 12:34:35,REGULAR
163,Travis Miller,travis.miller163@hotmail.com,2025-11-03 01:06:06,REGULAR
164,Justin Allen,justin.allen164@yahoo.com,2024-05-07 21:43:30,VIP
165,Katherine Mcguire,katherine.mcguire165@gmail.com,2025-08-09 17:20:02,PREMIUM
166,Jared Sanchez,jared.sanchez166@hotmail.com,2024-10-24 22:02:54,PREMIUM
167,Kara Schmidt,kara.schmidt167@yahoo.com,2023-09-05 05:50:12,PREMIUM
168,Krista Bell MD,krista.bell.md168@yahoo.com,2024-02-07 15:21:40,PREMIUM
169,Bryan Lee,bryan.lee169@gmail.com,2024-03-06 18:54:59,PREMIUM
170,Tiffany Vaughn,tiffany.vaughn170@gmail.com,2025-08-31 14:52:31,REGULAR
171,John Hardy,john.hardy171@hotmail.com,2024-03-19 20:43:03,REGULAR
172,Veronica Wall,veronica.wall172@yahoo.com,2025-04-19 02:20:04,REGULAR
173,Christopher Smith,christopher.smith173@hotmail.com,2024-08-18 00:35:26,PREMIUM
174,Angel Brown,angel.brown174@yahoo.com,2023-04-10 18:37:30,REGULAR
175,Beth Oneill,beth.oneill175@yahoo.com,2024-12-24 18:55:01,REGULAR
176,Adam Mitchell,adam.mitchell176@yahoo.com,2024-10-14 16:05:08,REGULAR
177,Cody Williams,cody.williams177@yahoo.com,2023-01-31 08:12:14,PREMIUM
178,Austin Vasquez,austin.vasquez178@hotmail.com,2024-08-13 21:37:57,REGULAR
179,Amy Hernandez,amy.hernandez179@hotmail.com,2024-04-08 21:05:11,PREMIUM
180,Angela Wright,angela.wright180@hotmail.com,2024-10-12 22:14:44,REGULAR
181,Lisa Gibbs,lisa.gibbs181@gmail.com,2025-07-26 02:53:11,PREMIUM
182,Jamie Kerr,jamie.kerr182@yahoo.com,2024-02-28 23:45:57,REGULAR
183,Wanda Torres,wanda.torres183@hotmail.com,2024-06-06 03:49:03,PREMIUM
184,Tyler Garcia,tyler.garcia184@gmail.com,2023-09-14 09:18:48,PREMIUM
185,Deborah Miller,deborah.miller185@gmail.com,2025-08-24 15:25:15,REGULAR
186,Benjamin Smith,benjamin.smith186@yahoo.com,2025-07-08 11:21:43,REGULAR
187,Julie Johnson,julie.johnson187@yahoo.com,2025-09-25 11:26:37,REGULAR
188,Michele Gibson,michele.gibson188@hotmail.com,2023-10-10 07:20:57,REGULAR
189,Dennis Moody,dennis.moody189@hotmail.com,2023-11-25 19:16:02,REGULAR
190,Taylor Coleman,taylor.coleman190@hotmail.com,2024-08-11 22:50:59,REGULAR
191,Chase Baker,chase.baker191@gmail.com,2024-10-16 21:04:33,REGULAR
192,Christopher Parker,christopher.parker192@hotmail.com,2023-01-31 02:39:40,PREMIUM
193,Tammy Gonzales,tammy.gonzales193@yahoo.com,2024-06-27 15:28:02,REGULAR
194,Melissa Bender,melissa.bender194@hotmail.com,2025-10-09 11:10:29,REGULAR
195,Jessica George,jessica.george195@yahoo.com,2024-01-20 03:23:23,REGULAR
196,Lindsey Johnson,lindsey.johnson196@gmail.com,2023-08-25 17:13:32,REGULAR
197,Sara Johnston,sara.johnston197@gmail.com,2023-06-27 16:44:51,REGULAR
198,Miss Debra Williams PhD,miss.debra.williams.phd198@yahoo.com,2024-02-03 01:27:26,PREMIUM
199,Jessica Ramirez,jessica.ramirez199@hotmail.com,2025-08-01 07:49:38,VIP
200,Robert Costa,robert.costa200@yahoo.com,2023-09-12 09:37:54,VIP
201,Gary Santiago,gary.santiago201@gmail.com,2023-02-09 21:21:39,VIP
202,Michael Roberts,michael.roberts202@yahoo.com,2024-08-06 00:27:27,REGULAR
203,Krista Gibson,krista.gibson203@yahoo.com,2023-04-29 01:21:14,REGULAR
204,Brian Barton,brian.barton204@hotmail.com,2024-01-13 06:04:52,REGULAR
205,April Booth,april.booth205@yahoo.com,2025-11-28 23:01:33,REGULAR
206,Cody Cox,cody.cox206@yahoo.com,2025-05-29 03:29:41,PREMIUM
207,Olivia Harris,olivia.harris207@hotmail.com,2024-10-27 11:05:23,PREMIUM
208,Dwayne Gilmore,dwayne.gilmore208@yahoo.com,2025-10-02 22:09:44,REGULAR
209,William Lynch,william.lynch209@gmail.com,2025-01-31 12:02:39,REGULAR
210,Emily Smith,emily.smith210@yahoo.com,2025-09-14 08:19:48,PREMIUM
211,Willie Durham,willie.durham211@yahoo.com,2023-08-26 15:55:24,REGULAR
212,Maria Moore,maria.moore212@hotmail.com,2025-10-07 10:48:36,REGULAR
213,Michael Perry,michael.perry213@yahoo.com,2025-04-16 00:32:24,PREMIUM
214,Mrs. Kristen Reyes,mrs..kristen.reyes214@hotmail.com,2025-07-09 09:03:17,REGULAR
215,Sherry Shields,sherry.shields215@yahoo.com,2023-05-15 15:01:37,REGULAR
216,Sarah Morgan,sarah.morgan216@hotmail.com,2024-12-22 21:35:14,REGULAR
217,Aaron Barber,aaron.barber217@hotmail.com,2024-06-06 13:46:30,REGULAR
218,Mary Grimes,mary.grimes218@yahoo.com,2023-10-10 11:28:52,REGULAR
219,Haley Arnold,haley.arnold219@hotmail.com,2024-02-06 08:04:33,REGULAR
220,Timothy Kane,timothy.kane220@hotmail.com,2024-03-05 04:02:20,REGULAR
221,James Chase,james.chase221@yahoo.com,2023-10-24 19:05:59,REGULAR
222,Patrick Thornton,patrick.thornton222@yahoo.com,2025-01-28 23:30:08,REGULAR
223,Matthew Hoover,matthew.hoover223@gmail.com,2025-01-09 14:02:15,REGULAR
224,Andrew Shaw MD,andrew.shaw.md224@gmail.com,2023-01-27 18:52:31,REGULAR
225,Jessica Fox,jessica.fox225@yahoo.com,2024-01-13 23:04:26,REGULAR
226,Charles Pitts,charles.pitts226@gmail.com,2025-01-05 04:25:47,REGULAR
227,Richard Baker,richard.baker227@hotmail.com,2025-05-04 23:58:10,REGULAR
228,Marie Christian,marie.christian228@hotmail.com,2024-02-25 20:29:47,REGULAR
229,Jamie Stewart,jamie.stewart229@hotmail.com,2023-10-27 04:03:46,REGULAR
230,Katherine Weaver,katherine.weaver230@hotmail.com,2023-10-15 14:53:11,REGULAR
231,Mark Mccall,mark.mccall231@gmail.com,2024-03-05 12:39:11,PREMIUM
232,Jessica Garcia,jessica.garcia232@hotmail.com,2025-03-25 23:52:48,REGULAR
233,Ashlee Jackson,ashlee.jackson233@yahoo.com,2023-10-29 13:13:40,REGULAR
234,Amber Flynn,amber.flynn234@yahoo.com,2024-04-14 13:21:09,REGULAR
235,Jeffrey Sanchez,jeffrey.sanchez235@yahoo.com,2024-03-02 03:04:03,REGULAR
236,Rebecca Jackson,rebecca.jackson236@gmail.com,2024-03-29 19:38:36,PREMIUM
237,Janet Vega,janet.vega237@yahoo.com,2025-02-01 13:17:03,REGULAR
238,Briana Murray,briana.murray238@,2024-12-30 04:23:11,REGULAR
239,Michael Nolan,michael.nolan239@yahoo.com,2023-03-21 19:27:46,REGULAR
240,Megan Moore,megan.moore240@yahoo.com,2023-06-27 05:28:36,PREMIUM
241,Victoria Evans,victoria.evans241@yahoo.com,2023-04-26 01:59:00,REGULAR
242,Joyce Turner,joyce.turner242@yahoo.com,2023-08-24 16:47:34,REGULAR
243,Ashley James,ashley.james243@yahoo.com,2024-04-16 23:48:32,REGULAR
244,Wendy Phillips,wendy.phillips244@hotmail.com,2025-05-16 22:28:14,PREMIUM
245,Adam Grimes,adam.grimes245@hotmail.com,2025-08-18 16:18:26,REGULAR
246,Susan Mcgee,susan.mcgee246@yahoo.com,2024-11-30 20:23:47,VIP
247,Crystal Pham,crystal.pham247@gmail.com,2025-07-03 05:48:26,VIP
248,Lisa Byrd,lisa.byrd248@hotmail.com,2025-08-22 17:34:36,REGULAR
249,Melanie Taylor,melanie.taylor249@gmail.com,2023-06-04 03:41:44,VIP
250,Maria Parker,maria.parker250@yahoo.com,2023-11-24 19:35:22,REGULAR
251,Jacob Anderson,jacob.anderson251@yahoo.com,2024-01-08 14:49:19,REGULAR
252,Jason Gonzalez,jason.gonzalez252@hotmail.com,2023-01-05 03:45:29,REGULAR
253,Holly Shaw,holly.shaw253@yahoo.com,2024-12-30 23:36:25,REGULAR
254,Dawn Summers,dawn.summers254@yahoo.com,2024-03-15 04:30:17,PREMIUM
255,Elizabeth Harrell,elizabeth.harrell255@gmail.com,2023-12-29 14:40:12,VIP
256,Bernard Webster,bernard.webster256@gmail.com,2025-08-28 23:51:05,REGULAR
257,Misty Whitney,misty.whitney257@hotmail.com,2023-11-04 07:14:05,REGULAR
258,Richard Smith,richard.smith258@hotmail.com,2025-10-03 01:34:21,REGULAR
259,Jacob Curry,jacob.curry259@yahoo.com,2023-08-09 22:57:11,REGULAR
260,Samantha Bentley,samantha.bentley260@gmail.com,2024-04-22 20:35:58,REGULAR
261,Kaitlyn Harvey,kaitlyn.harvey261@hotmail.com,2024-03-24 08:10:57,REGULAR
262,Leonard Holland,leonard.holland262@hotmail.com,2024-04-17 09:20:28,PREMIUM
263,Susan Turner,susan.turner263@yahoo.com,2025-02-16 10:57:18,REGULAR
264,Andrew Johnson,andrew.johnson264@yahoo.com,2025-07-18 00:25:22,REGULAR
265,David Medina,david.medina265@yahoo.com,2024-05-15 17:01:10,REGULAR
266,Michael Paul,michael.paul266@hotmail.com,2023-12-22 14:55:14,VIP
267,Patrick Moore,patrick.moore267@yahoo.com,2025-06-12 12:58:37,REGULAR
268,Sandra Gilbert,sandra.gilbert268@yahoo.com,2025-11-10 08:28:26,PREMIUM
269,Jacob Ramos,jacob.ramos269@gmail.com,2023-09-30 03:35:01,REGULAR
270,Ariana Jennings,ariana.jennings270@hotmail.com,2024-03-08 02:25:43,REGULAR
271,Maria Brown,maria.brown271@yahoo.com,2025-09-13 02:29:22,PREMIUM
272,Bryan Charles,bryan.charles272@yahoo.com,2024-12-31 03:15:27,REGULAR
273,Daniel Fowler,daniel.fowler273@gmail.com,2025-11-07 00:23:17,REGULAR
274,Gavin Zhang,gavin.zhang274@hotmail.com,2024-10-01 11:14:28,PREMIUM
275,Ronald Spencer,ronald.spencer275@hotmail.com,2024-09-14 01:56:31,PREMIUM
276,Sergio Murphy,sergio.murphy276@gmail.com,2024-12-07 13:08:20,REGULAR
277,Linda Ramirez,linda.ramirez277@gmail.com,2023-06-30 01:52:13,VIP
278,Ms. Rebecca Rodriguez,ms..rebecca.rodriguez278@gmail.com,2025-03-10 09:32:19,PREMIUM
279,Hunter Kramer,hunter.kramer279@,2024-10-03 22:59:10,REGULAR
280,Christopher Williams,christopher.williams280@hotmail.com,2025-08-25 05:28:23,PREMIUM
281,Brian Brown,brian.brown281@yahoo.com,2023-03-22 04:13:35,REGULAR
282,Kayla Rodriguez,kayla.rodriguez282@hotmail.com,2024-03-23 10:30:17,REGULAR
283,Luis Acosta,luis.acosta283@hotmail.com,2023-07-08 15:05:33,REGULAR
284,Judith Maynard,judith.maynard284@gmail.com,2024-01-07 17:39:21,PREMIUM
285,Dr. Jessica Rodriguez DDS,dr..jessica.rodriguez.dds285@yahoo.com,2023-01-22 05:49:15,REGULAR
286,Bobby Franklin,bobby.franklin286@gmail.com,2023-06-26 06:08:13,REGULAR
287,Marcus Richards,marcus.richards287@hotmail.com,2023-08-28 04:27:34,REGULAR
288,Zachary Schmidt,zachary.schmidt288@yahoo.com,2025-03-01 12:07:25,PREMIUM
289,Jessica Mcguire,jessica.mcguire289@gmail.com,2025-01-19 12:53:16,VIP
290,Marilyn Mack,marilyn.mack290@hotmail.com,2025-05-06 08:39:06,REGULAR
291,Jessica Beasley,jessica.beasley291@yahoo.com,2025-07-20 02:24:59,REGULAR
292,Jesse Perry,jesse.perry292@gmail.com,2023-04-19 10:42:30,REGULAR
293,Erik Scott,erik.scott293@gmail.com,2024-10-06 14:10:29,REGULAR
294,Kara Davis,kara.davis294@gmail.com,2024-02-20 00:55:07,PREMIUM
295,Brent Rodgers,brent.rodgers295@gmail.com,2024-04-08 18:58:07,PREMIUM
296,Laurie Hoffman,laurie.hoffman296@yahoo.com,2025-10-22 04:22:28,REGULAR
297,Jennifer Russo,jennifer.russo297@yahoo.com,2025-04-16 15:44:21,REGULAR
298,Michelle Schmitt,michelle.schmitt298@hotmail.com,2025-04-24 04:32:28,REGULAR
299,Brian Romero,brian.romero299@gmail.com,2023-10-21 01:28:12,VIP
300,Courtney Rodriguez,courtney.rodriguez300@hotmail.com,2024-08-17 22:11:17,REGULAR
301,Phillip Andrews,phillip.andrews301@yahoo.com,2023-03-09 19:17:21,REGULAR
302,Vanessa Cardenas,vanessa.cardenas302@hotmail.com,2024-08-15 05:19:38,REGULAR
303,Kristin Lynch,kristin.lynch303@hotmail.com,2025-10-09 21:01:48,VIP
304,Debra White,debra.white304@hotmail.com,2023-02-27 12:11:28,REGULAR
305,Tammy Bell,tammy.bell305@gmail.com,2024-05-30 17:39:34,PREMIUM
306,Kylie Morales,kylie.morales306@gmail.com,2024-11-14 23:48:19,REGULAR
307,Valerie Davis,valerie.davis307@hotmail.com,2023-01-24 20:11:59,PREMIUM
308,Jason Peterson,jason.peterson308@yahoo.com,2025-10-14 04:01:01,VIP
309,Frederick Pugh,frederick.pugh309@hotmail.com,2024-02-16 16:45:55,REGULAR
310,Anthony Moore,anthony.moore310@hotmail.com,2025-10-06 11:39:59,REGULAR
311,Brad Ramos,brad.ramos311@yahoo.com,2025-11-13 13:52:10,PREMIUM
312,Mr. Donald Fischer,mr..donald.fischer312@gmail.com,2024-05-06 21:59:00,REGULAR
313,Brian Gregory,brian.gregory313@hotmail.com,2025-01-28 00:00:02,PREMIUM
314,Mr. Andrew Foster,mr..andrew.foster314@hotmail.com,2023-04-17 06:54:37,REGULAR
315,Dan Dougherty,dan.dougherty315@gmail.com,2024-03-22 10:15:56,VIP
316,Donna Wilson,donna.wilson316@yahoo.com,2024-11-05 03:37:44,VIP
317,Casey James,casey.james317@hotmail.com,2023-06-06 03:10:53,REGULAR
318,Justin Barnett,justin.barnett318@yahoo.com,2023-02-14 23:13:54,REGULAR
319,Scott Williams,scott.williams319@gmail.com,2024-03-31 17:32:36,REGULAR
320,Blake Edwards,blake.edwards320@yahoo.com,2024-01-15 08:20:24,REGULAR
321,Michelle Butler,michelle.butler321@gmail.com,2023-10-07 17:00:26,REGULAR
322,Vincent Jackson,vincent.jackson322@hotmail.com,2024-08-17 06:17:06,REGULAR
323,Michael Cox,michael.cox323@yahoo.com,2025-06-24 21:40:25,REGULAR
324,Dana Chapman,dana.chapman324@hotmail.com,2024-01-30 12:57:41,REGULAR
325,Seth Reese,seth.reese325@gmail.com,2024-12-23 17:53:54,VIP
326,Christopher Dixon,christopher.dixon326@gmail.com,2023-09-03 09:45:29,REGULAR
327,Cheyenne Parsons,cheyenne.parsons327@yahoo.com,2025-07-01 18:15:39,REGULAR
328,Sabrina Briggs,sabrina.briggs328@gmail.com,2024-01-24 12:20:15,REGULAR
329,David Thompson,david.thompson329@gmail.com,2024-08-20 14:24:13,PREMIUM
330,Mary Thompson,mary.thompson330@hotmail.com,2024-08-15 10:17:29,REGULAR
331,Paul Wolf MD,paul.wolf.md331@hotmail.com,2024-04-03 15:00:01,REGULAR
332,Victoria Morris,victoria.morris332@hotmail.com,2024-09-06 20:42:27,REGULAR
333,Jeremiah Harrison,jeremiah.harrison333@hotmail.com,2023-03-18 04:30:07,VIP
334,Donald Brown,donald.brown334@hotmail.com,2024-03-20 14:05:28,PREMIUM
335,Joel Johnson,joel.johnson335@yahoo.com,2024-07-01 07:28:38,REGULAR
336,Angela Lin,angela.lin336@gmail.com,2024-01-25 08:02:39,PREMIUM
337,Katie Ford,katie.ford337@hotmail.com,2025-10-21 00:04:08,PREMIUM
338,Nancy Williams,nancy.williams338@hotmail.com,2023-05-31 22:32:01,VIP
339,Erica Alvarez,erica.alvarez339@gmail.com,2024-04-24 21:51:09,PREMIUM
340,Joanna Shepherd,joanna.shepherd340@yahoo.com,2024-07-20 19:00:45,PREMIUM
341,Mrs. Maria Williams,mrs..maria.williams341@hotmail.com,2024-04-03 10:30:54,REGULAR
342,Jeffrey Mills,jeffrey.mills342@gmail.com,2023-11-08 22:10:21,REGULAR
343,Thomas Hughes,thomas.hughes343@yahoo.com,2024-07-22 08:09:26,REGULAR
344,Amy Mccoy,amy.mccoy344@yahoo.com,2023-09-13 14:39:38,REGULAR
345,Brandon Gregory,brandon.gregory345@yahoo.com,2025-01-18 12:35:20,VIP
346,Samuel Brandt,samuel.brandt346@hotmail.com,2024-06-10 04:13:11,PREMIUM
347,Felicia Aguilar,felicia.aguilar347@gmail.com,2023-04-27 23:21:49,REGULAR
348,Emily Douglas,emily.douglas348@hotmail.com,2025-11-16 15:10:33,PREMIUM
349,Kurt Hurley,kurt.hurley349@yahoo.com,2025-05-15 18:07:13,REGULAR
350,Maria Murphy,maria.murphy350@gmail.com,2023-01-22 14:55:30,REGULAR
351,Sandra Rodgers,sandra.rodgers351@hotmail.com,2024-07-26 13:52:09,PREMIUM
352,Anna Santiago,anna.santiago352@hotmail.com,2025-06-27 01:58:47,REGULAR
353,Jack White,jack.white353@gmail.com,2024-07-31 01:32:28,REGULAR
354,Ralph Lee,ralph.lee354@gmail.com,2023-02-08 20:59:11,REGULAR
355,Edward French,edward.french355@hotmail.com,2024-05-24 12:57:37,VIP
356,Sandy Stephenson,sandy.stephenson356@gmail.com,2023-04-09 04:54:07,REGULAR
357,Sherri Williamson,sherri.williamson357@hotmail.com,2024-04-14 10:27:58,REGULAR
358,Christopher Guerra,christopher.guerra358@hotmail.com,2023-03-12 10:39:05,VIP
359,Carol Kim,carol.kim359@yahoo.com,2025-02-04 06:22:37,REGULAR
360,Nathan Montes,nathan.montes360@hotmail.com,2025-04-15 01:11:24,REGULAR
361,Paul Cole,paul.cole361@hotmail.com,2025-11-07 13:32:16,VIP
362,Vincent Mueller,vincent.mueller362@gmail.com,2025-04-19 03:50:09,REGULAR
363,Travis Joyce,travis.joyce363@yahoo.com,2023-08-29 01:01:52,PREMIUM
364,Paula Shaw,paula.shaw364@yahoo.com,2025-01-30 04:10:47,REGULAR
365,Ruth Solis,ruth.solis365@gmail.com,2024-03-10 13:28:06,REGULAR
366,Amy Castillo,amy.castillo366@yahoo.com,2024-11-19 18:31:10,REGULAR
367,Ashley Singleton,ashley.singleton367@gmail.com,2024-07-17 09:54:56,REGULAR
368,Phillip Nelson,phillip.nelson368@hotmail.com,2025-04-25 19:09:30,VIP
369,Jeffrey Potts,jeffrey.potts369@gmail.com,2023-04-05 01:28:15,REGULAR
370,Stacey Arias,stacey.arias370@yahoo.com,2023-07-09 18:26:39,VIP
371,Jonathan Young,jonathan.young371@gmail.com,2023-05-23 09:49:58,PREMIUM
372,Alfred Galvan,alfred.galvan372@hotmail.com,2025-07-16 15:12:53,VIP
373,Raven Taylor,raven.taylor373@yahoo.com,2024-06-02 02:07:21,REGULAR
374,Kaitlyn Guerra,kaitlyn.guerra374@hotmail.com,2025-05-27 00:59:33,REGULAR
375,Luis Bullock,luis.bullock375@gmail.com,2025-05-10 22:21:50,REGULAR
376,Ruben Dunn,ruben.dunn376@hotmail.com,2023-12-28 22:49:13,REGULAR
377,Jenny Parsons,jenny.parsons377@gmail.com,2025-07-14 19:48:21,REGULAR
378,Anthony Barnes,anthony.barnes378@hotmail.com,2023-08-13 18:21:31,VIP
379,Brian Stein,brian.stein379@hotmail.com,2023-09-29 01:43:27,REGULAR
380,Lynn Andrews,lynn.andrews380@hotmail.com,2023-07-24 17:58:50,REGULAR
381,Jeffrey Mendez,jeffrey.mendez381@gmail.com,2024-01-05 14:43:59,REGULAR
382,Chelsea Barnett,chelsea.barnett382@,2023-03-23 09:34:37,REGULAR
383,Andrea Fox,andrea.fox383@hotmail.com,2023-06-26 13:09:11,PREMIUM
384,Katie Smith,katie.smith384@yahoo.com,2024-07-16 09:47:28,REGULAR
385,James Brooks,james.brooks385@hotmail.com,2025-02-21 16:28:04,REGULAR
386,Richard Cooper,richard.cooper386@hotmail.com,2025-10-20 13:41:13,REGULAR
387,Ashley Perkins,ashley.perkins387@yahoo.com,2023-02-18 09:22:48,REGULAR
388,Harold Morgan,harold.morgan388@hotmail.com,2024-09-15 21:22:35,REGULAR
389,Richard Marshall,richard.marshall389@hotmail.com,2024-11-20 01:12:08,REGULAR
390,Clarence Taylor,clarence.taylor390@hotmail.com,2025-08-02 22:58:18,REGULAR
391,Judith Carter,judith.carter391@gmail.com,2025-08-27 20:14:35,REGULAR
392,Stacey Stewart,stacey.stewart392@yahoo.com,2024-05-20 03:47:31,REGULAR
393,Virginia Daniels,virginia.daniels393@yahoo.com,2024-04-03 02:35:05,REGULAR
394,Matthew Mitchell,matthew.mitchell394@gmail.com,2023-06-04 01:38:27,PREMIUM
395,Evelyn Martinez,evelyn.martinez395@yahoo.com,2025-10-14 01:28:05,PREMIUM
396,James Gonzales,james.gonzales396@yahoo.com,2023-12-01 00:38:27,REGULAR
397,Cody Holt,cody.holt397@yahoo.com,2024-10-04 20:05:17,REGULAR
398,Kelly Owen,kelly.owen398@hotmail.com,2024-10-08 05:13:05,PREMIUM
399,Jeffrey Carney,jeffrey.carney399@gmail.com,2024-04-30 11:43:23,PREMIUM
400,Erica Miller,erica.miller400@hotmail.com,2023-08-26 02:47:29,PREMIUM
401,Jeremy Robbins,jeremy.robbins401@gmail.com,2023-05-22 17:06:23,PREMIUM
402,Heather Williams,heather.williams402@yahoo.com,2023-05-31 00:10:58,PREMIUM
403,Jessica Fowler,jessica.fowler403@gmail.com,2023-07-22 03:03:20,REGULAR
404,Mark Cox,mark.cox404@hotmail.com,2025-05-22 09:27:32,REGULAR
405,Tiffany Thomas,tiffany.thomas405@hotmail.com,2024-09-30 04:03:21,REGULAR
406,Jessica Martinez,jessica.martinez406@gmail.com,2024-10-19 00:13:43,PREMIUM
407,Holly Reyes,holly.reyes407@hotmail.com,2024-03-22 19:36:05,REGULAR
408,Christian Cole,christian.cole408@yahoo.com,2025-06-16 18:21:50,REGULAR
409,Phillip Berry,phillip.berry409@hotmail.com,2025-01-19 01:19:25,REGULAR
410,Ernest Ramirez,ernest.ramirez410@gmail.com,2025-05-14 03:04:48,REGULAR
411,Cody Holmes,cody.holmes411@hotmail.com,2025-06-10 19:59:58,REGULAR
412,Reginald Padilla,reginald.padilla412@gmail.com,2025-05-21 10:19:01,VIP
413,Donna Hendricks DDS,donna.hendricks.dds413@gmail.com,2025-08-11 03:40:11,PREMIUM
414,Benjamin Thompson,benjamin.thompson414@hotmail.com,2025-08-04 00:58:33,VIP
415,Brandon Fleming,brandon.fleming415@yahoo.com,2024-02-20 11:10:26,REGULAR
416,Michelle Pierce,michelle.pierce416@yahoo.com,2024-04-24 23:47:02,VIP
417,Sarah Joseph,sarah.joseph417@hotmail.com,2023-10-09 19:17:21,PREMIUM
418,Rebecca Hicks,rebecca.hicks418@gmail.com,2024-09-14 14:19:24,REGULAR
419,Dr. Cynthia Snyder,dr..cynthia.snyder419@yahoo.com,2023-02-17 14:58:46,REGULAR
420,Jackie Lara,jackie.lara420@hotmail.com,2024-08-07 09:32:38,REGULAR
421,Stephen Jones,stephen.jones421@yahoo.com,2024-07-28 20:34:45,REGULAR
422,Dr. Kelly Hammond DVM,dr..kelly.hammond.dvm422@gmail.com,2025-05-31 17:25:17,REGULAR
423,Evan Jones,evan.jones423@yahoo.com,2023-08-30 16:26:21,REGULAR
424,Haley Humphrey,haley.humphrey424@hotmail.com,2025-11-12 23:22:29,REGULAR
425,Catherine Burch,catherine.burch425@yahoo.com,2024-10-20 16:24:59,REGULAR
426,Sheena Guerra,sheena.guerra426@hotmail.com,2024-02-29 08:23:53,REGULAR
427,Christopher Morris,christopher.morris427@hotmail.com,2024-06-20 04:58:36,REGULAR
428,Travis Stone,travis.stone428@yahoo.com,2025-11-19 23:48:03,REGULAR
429,Danielle Reid,danielle.reid429@hotmail.com,2024-04-24 02:42:30,REGULAR
430,Mario Mendez,mario.mendez430@gmail.com,2025-07-20 00:27:14,REGULAR
431,Caroline David,caroline.david431@gmail.com,2023-11-25 03:22:24,PREMIUM
432,Marcus Winters,marcus.winters432@yahoo.com,2024-03-25 15:22:16,REGULAR
433,Kristy Bryan,kristy.bryan433@,2023-09-30 22:22:37,REGULAR
434,Travis Wise,travis.wise434@yahoo.com,2023-12-24 11:08:57,REGULAR
435,Pamela Butler,pamela.butler435@hotmail.com,2024-07-04 04:18:33,REGULAR
436,Stephen Gardner,stephen.gardner436@hotmail.com,2023-03-07 17:08:33,REGULAR
437,Karen Ballard,karen.ballard437@hotmail.com,2023-05-01 22:55:42,PREMIUM
438,Jesse Barker,jesse.barker438@gmail.com,2025-06-09 17:53:22,REGULAR
439,John Harris,john.harris439@hotmail.com,2024-03-25 17:54:33,REGULAR
440,Scott Flores,scott.flores440@yahoo.com,2024-05-19 12:14:07,REGULAR
441,Bianca Wood,bianca.wood441@hotmail.com,2024-12-15 17:39:20,PREMIUM
442,David Martinez,david.martinez442@yahoo.com,2023-05-17 21:43:12,REGULAR
443,Brent Roberts,brent.roberts443@yahoo.com,2024-11-07 19:11:53,REGULAR
444,Jennifer Estes,jennifer.estes444@gmail.com,2024-09-06 19:15:06,PREMIUM
445,Taylor Griffith,taylor.griffith445@gmail.com,2023-12-11 04:48:18,REGULAR
446,Kathleen Robertson,kathleen.robertson446@yahoo.com,2025-03-04 00:11:46,REGULAR
447,Kathleen Davis,kathleen.davis447@yahoo.com,2023-10-29 05:15:14,VIP
448,Tracy Lewis,tracy.lewis448@yahoo.com,2025-09-29 15:51:29,PREMIUM
449,Douglas Harper,douglas.harper449@hotmail.com,2023-08-16 11:50:10,REGULAR
450,Donna Smith,donna.smith450@gmail.com,2023-08-26 11:23:55,PREMIUM
451,Stephen Luna,stephen.luna451@yahoo.com,2023-10-03 04:29:10,VIP
452,James Hudson,james.hudson452@gmail.com,2024-12-21 17:25:26,PREMIUM
453,Dylan Hughes,dylan.hughes453@yahoo.com,2024-11-28 08:24:03,PREMIUM
454,Diana Hays,diana.hays454@hotmail.com,2025-09-25 20:28:22,REGULAR
455,Betty Davis,betty.davis455@yahoo.com,2025-09-01 08:21:35,REGULAR
456,Gina Mcmillan,gina.mcmillan456@gmail.com,2024-12-29 10:38:42,REGULAR
457,Jordan Porter,jordan.porter457@gmail.com,2024-03-02 16:34:35,REGULAR
458,Micheal Brock,micheal.brock458@hotmail.com,2023-04-26 06:01:41,REGULAR
459,Larry Robertson,larry.robertson459@yahoo.com,2023-03-30 09:00:53,REGULAR
460,Emily Long,emily.long460@hotmail.com,2025-09-28 10:54:28,PREMIUM
461,Elizabeth Rogers,elizabeth.rogers461@hotmail.com,2025-08-13 09:10:28,REGULAR
462,Michelle Evans,michelle.evans462@gmail.com,2025-06-20 12:14:54,REGULAR
463,Michael Whitney,michael.whitney463@hotmail.com,2023-03-05 17:26:15,REGULAR
464,Steven Wiggins,steven.wiggins464@hotmail.com,2025-10-09 14:15:42,REGULAR
465,John Coffey,john.coffey465@hotmail.com,2025-02-17 20:19:40,REGULAR
466,Mikayla Silva,mikayla.silva466@gmail.com,2023-06-10 18:49:46,PREMIUM
467,Michelle Hampton,michelle.hampton467@yahoo.com,2023-05-12 00:01:04,REGULAR
468,Michael Johnson,michael.johnson468@hotmail.com,2024-01-20 20:33:19,PREMIUM
469,Albert Edwards,albert.edwards469@gmail.com,2025-03-25 02:41:30,REGULAR
470,Damon Shaw,damon.shaw470@hotmail.com,2024-08-02 04:55:45,VIP
471,Shelley Fitzgerald,shelley.fitzgerald471@gmail.com,2024-06-09 15:14:29,PREMIUM
472,Kelly Hoffman,kelly.hoffman472@hotmail.com,2025-09-07 01:09:22,REGULAR
473,James Frye,james.frye473@yahoo.com,2023-05-27 19:26:13,REGULAR
474,Gloria Gomez,gloria.gomez474@hotmail.com,2024-01-27 11:05:01,PREMIUM
475,Regina Baker,regina.baker475@yahoo.com,2025-07-25 06:18:53,PREMIUM
476,David Grant,david.grant476@gmail.com,2025-06-24 06:06:13,PREMIUM
477,Vickie Wise,vickie.wise477@hotmail.com,2024-04-26 22:16:38,VIP
478,Michael Stewart,michael.stewart478@yahoo.com,2024-08-31 21:15:10,REGULAR
479,Taylor Griffith,taylor.griffith479@yahoo.com,2023-05-12 14:33:13,REGULAR
480,Michael James,michael.james480@yahoo.com,2024-05-25 06:29:36,PREMIUM
481,Tina Ballard,tina.ballard481@yahoo.com,2025-11-30 18:06:08,VIP
482,Tyler Miller,tyler.miller482@yahoo.com,2025-11-07 12:24:46,REGULAR
483,Nicole Lewis,nicole.lewis483@hotmail.com,2024-07-17 06:37:15,REGULAR
484,Justin Nelson,justin.nelson484@gmail.com,2024-06-14 20:42:18,VIP
485,Laurie Sanchez,laurie.sanchez485@hotmail.com,2023-12-18 22:08:12,VIP
486,Courtney Hall,courtney.hall486@gmail.com,2024-04-04 11:55:43,PREMIUM
487,Mitchell Garcia,mitchell.garcia487@gmail.com,2025-04-18 12:06:44,PREMIUM
488,Joshua Hickman,joshua.hickman488@yahoo.com,2023-02-28 15:19:42,PREMIUM
489,Shirley Alvarez,shirley.alvarez489@hotmail.com,2025-08-18 01:52:59,REGULAR
490,Victor Morris,victor.morris490@hotmail.com,2023-09-10 01:00:52,REGULAR
491,Randy Pearson,randy.pearson491@gmail.com,2025-08-28 12:00:47,PREMIUM
492,Miranda Zuniga,miranda.zuniga492@gmail.com,2024-11-10 21:38:50,REGULAR
493,Ryan Peck,ryan.peck493@gmail.com,2024-01-04 23:46:03,VIP
494,Jennifer Simpson DVM,jennifer.simpson.dvm494@yahoo.com,2024-11-28 09:14:51,REGULAR
495,Alexandra Bradley,alexandra.bradley495@gmail.com,2024-12-29 14:10:08,VIP
496,Frances Gibson,frances.gibson496@hotmail.com,2025-11-19 17:06:40,VIP
497,Kathleen Mays,kathleen.mays497@hotmail.com,2024-12-18 04:40:37,PREMIUM
498,Corey Rodriguez,corey.rodriguez498@gmail.com,2025-02-20 05:43:13,REGULAR
499,Mariah Higgins,mariah.higgins499@gmail.com,2023-11-07 05:16:15,PREMIUM
500,Rachel Bradley,rachel.bradley500@gmail.com,2024-01-24 08:47:43,REGULAR
501,Scott Prince,scott.prince501@yahoo.com,2024-07-30 15:47:25,REGULAR
502,Angie Caldwell,angie.caldwell502@gmail.com,2025-03-12 10:29:45,PREMIUM
503,Mrs. Taylor Smith,mrs..taylor.smith503@yahoo.com,2023-09-07 00:52:37,REGULAR
504,Paul Finley,paul.finley504@yahoo.com,2023-08-17 21:33:21,PREMIUM
505,Laura Green,laura.green505@yahoo.com,2023-12-11 22:10:36,PREMIUM
506,Amy Wilson,amy.wilson506@yahoo.com,2023-02-11 10:20:12,REGULAR
507,Michael Leblanc,michael.leblanc507@hotmail.com,2024-08-03 22:17:41,REGULAR
508,Melissa Fowler,melissa.fowler508@yahoo.com,2024-08-05 09:45:27,REGULAR
509,Daniel Bernard,daniel.bernard509@yahoo.com,2023-06-03 22:05:11,PREMIUM
510,Paul Obrien,paul.obrien510@yahoo.com,2023-08-15 21:06:46,REGULAR
511,Susan Todd,susan.todd511@hotmail.com,2025-01-03 22:23:47,PREMIUM
512,Pamela Becker,pamela.becker512@hotmail.com,2024-12-29 17:41:35,REGULAR
513,Angela Griffin,angela.griffin513hotmail.com,2023-01-30 12:30:58,REGULAR
514,Thomas Rodriguez,thomas.rodriguez514@hotmail.com,2025-05-02 12:54:18,VIP
515,Christina Herrera,christina.herrera515@gmail.com,2024-10-19 12:04:52,REGULAR
516,Joseph Wilson,joseph.wilson516@gmail.com,2024-04-12 19:43:49,REGULAR
517,Katherine Nolan,katherine.nolan517@yahoo.com,2025-09-19 13:50:49,PREMIUM
518,Jody Palmer,jody.palmer518@yahoo.com,2023-06-22 05:04:54,PREMIUM
519,Kristin Chambers,kristin.chambers519@yahoo.com,2025-04-12 17:32:01,REGULAR
520,Jennifer Velasquez,jennifer.velasquez520@hotmail.com,2024-01-11 20:06:26,PREMIUM
521,Benjamin Henderson,benjamin.henderson521@hotmail.com,2023-01-03 10:19:21,REGULAR
522,Zachary Michael,zachary.michael522@gmail.com,2024-10-09 02:45:56,REGULAR
523,Mrs. Donna White,mrs..donna.white523@gmail.com,2025-03-24 04:55:07,VIP
524,Veronica Brewer,veronica.brewer524@yahoo.com,2025-03-28 04:55:03,REGULAR
525,Steven West,steven.west525@yahoo.com,2025-02-27 13:32:30,REGULAR
526,Michael Stanley,michael.stanley526@hotmail.com,2024-12-31 07:54:22,REGULAR
527,Scott Wilson,scott.wilson527@hotmail.com,2024-08-02 21:43:18,REGULAR
528,Cameron Irwin,cameron.irwin528gmail.com,2024-06-19 15:10:07,REGULAR
529,Veronica Ford,veronica.ford529@hotmail.com,2023-06-11 00:52:08,PREMIUM
530,Kim Morrow,kim.morrow530@gmail.com,2024-05-31 13:11:32,REGULAR
531,Christopher Lopez,christopher.lopez531@hotmail.com,2024-06-09 21:57:23,PREMIUM
532,Amanda Keller,amanda.keller532@hotmail.com,2025-11-29 14:48:58,REGULAR
533,Stacey Smith,stacey.smith533@gmail.com,2025-09-08 08:49:10,REGULAR
534,Kirk Griffin,kirk.griffin534@hotmail.com,2024-12-11 23:31:53,REGULAR
535,Amber Yang,amber.yang535@yahoo.com,2023-11-06 20:46:27,PREMIUM
536,Joshua Webster,joshua.webster536@gmail.com,2024-04-26 16:28:00,REGULAR
537,Wyatt Young,wyatt.young537@hotmail.com,2025-04-23 13:39:06,REGULAR
538,Laura Barton,laura.barton538@yahoo.com,2025-10-01 22:11:55,REGULAR
539,Shawn Odom,shawn.odom539@hotmail.com,2023-03-16 06:15:48,PREMIUM
540,Eric Brown,eric.brown540@hotmail.com,2023-07-13 08:45:52,PREMIUM
541,Susan Garrett,susan.garrett541@yahoo.com,2024-09-13 09:53:33,PREMIUM
542,Amber Cooper,amber.cooper542@hotmail.com,2024-08-23 15:09:42,REGULAR
543,Rachel Flores,rachel.flores543@yahoo.com,2025-02-11 21:00:59,REGULAR
544,Elijah White,elijah.white544@hotmail.com,2024-02-19 08:04:05,PREMIUM
545,Samuel Turner,samuel.turner545@hotmail.com,2023-05-03 14:36:43,REGULAR
546,Joel Brown,joel.brown546@yahoo.com,2023-10-08 07:54:19,REGULAR
547,Kristin Anderson,kristin.anderson547@gmail.com,2023-05-05 09:11:07,REGULAR
548,Gary Miller,gary.miller548@yahoo.com,2024-11-23 16:56:40,REGULAR
549,Anna Hardy,anna.hardy549@gmail.com,2024-11-20 14:06:14,REGULAR
550,James Jacobs,james.jacobs550@gmail.com,2024-07-01 16:21:49,REGULAR
551,Chelsea Gill,chelsea.gill551@hotmail.com,2025-09-20 09:08:37,VIP
552,Claire Clark,claire.clark552@yahoo.com,2023-04-27 13:44:14,PREMIUM
553,Terry Lewis,terry.lewis553@gmail.com,2025-03-08 01:13:59,PREMIUM
554,Autumn Key,autumn.key554@yahoo.com,2023-02-18 09:00:23,REGULAR
555,Melissa Padilla,melissa.padilla555@yahoo.com,2024-11-11 16:16:01,REGULAR
556,Kristen Rowe,kristen.rowe556@yahoo.com,2025-09-29 05:24:55,REGULAR
557,Matthew Parker,matthew.parker557@yahoo.com,2025-05-31 04:24:47,REGULAR
558,Kathleen Garcia,kathleen.garcia558@hotmail.com,2024-11-29 22:19:44,VIP
559,Ryan Rocha,ryan.rocha559@yahoo.com,2023-04-30 10:29:47,REGULAR
560,Angel Shields,angel.shields560@hotmail.com,2024-09-10 07:47:05,REGULAR
561,Dean Donovan,dean.donovan561@hotmail.com,2023-06-26 05:40:15,REGULAR
562,Elizabeth Gonzalez,elizabeth.gonzalez562@gmail.com,2025-03-15 06:56:34,REGULAR
563,Roy Porter,roy.porter563@hotmail.com,2024-02-11 15:44:30,PREMIUM
564,Gail Hines,gail.hines564@yahoo.com,2023-11-30 07:45:54,VIP
565,Maria Henry,maria.henry565@gmail.com,2025-02-02 01:16:14,REGULAR
566,Heather Taylor,heather.taylor566@hotmail.com,2023-04-26 00:51:36,REGULAR
567,Thomas Weaver DDS,thomas.weaver.dds567@gmail.com,2024-11-22 10:56:52,VIP
568,Sara Jones,sara.jones568@hotmail.com,2024-05-11 11:05:44,PREMIUM
569,Aaron Taylor,aaron.taylor569@hotmail.com,2025-05-04 09:22:47,REGULAR
570,Michael Smith,michael.smith570@hotmail.com,2023-09-02 16:13:16,PREMIUM
571,Antonio Little,antonio.little571@hotmail.com,2025-09-17 15:10:48,REGULAR
572,Mary Smith,mary.smith572@hotmail.com,2023-12-15 08:20:00,REGULAR
573,Alexandra Moreno,alexandra.moreno573@yahoo.com,2023-08-04 17:42:18,REGULAR
574,Donna Shaw,donna.shaw574@hotmail.com,2024-07-14 15:11:51,REGULAR
575,Renee Browning,renee.browning575@gmail.com,2025-05-06 22:53:18,REGULAR
576,Kelly Allen,kelly.allen576@hotmail.com,2023-04-13 03:16:01,REGULAR
577,Robin Adams,robin.adams577@yahoo.com,2025-01-13 13:55:43,REGULAR
578,Tyler Stevens,tyler.stevens578@gmail.com,2025-06-12 01:50:40,REGULAR
579,Courtney Sutton DVM,courtney.sutton.dvm579@hotmail.com,2025-09-24 20:07:06,REGULAR
580,Marie Johnson MD,marie.johnson.md580@yahoo.com,2025-03-14 16:34:45,REGULAR
581,Amy Smith,amy.smith581@gmail.com,2025-05-06 10:04:55,REGULAR
582,Ryan Newman,ryan.newman582@yahoo.com,2023-07-20 10:41:50,REGULAR
583,Shannon Davis,shannon.davis583@hotmail.com,2023-03-28 01:56:26,PREMIUM
584,Crystal Valenzuela,crystal.valenzuela584@hotmail.com,2024-04-17 10:35:05,REGULAR
585,Karen Williams,karen.williams585@gmail.com,2023-12-17 06:08:29,REGULAR
586,Diana Daniels,diana.daniels586@hotmail.com,2024-03-17 06:05:18,PREMIUM
587,Timothy Edwards,timothy.edwards587@gmail.com,2025-09-13 12:38:39,VIP
588,Nicole Marquez,nicole.marquez588@yahoo.com,2025-08-28 22:31:21,REGULAR
589,Elizabeth Elliott,elizabeth.elliott589@hotmail.com,2025-02-19 17:17:05,REGULAR
590,Jasmine Mosley,jasmine.mosley590@yahoo.com,2025-06-21 00:04:14,REGULAR
591,Patrick Gibbs,patrick.gibbs591@hotmail.com,2025-07-29 01:12:49,REGULAR
592,Kathryn Mccann,kathryn.mccann592@gmail.com,2023-03-05 23:50:05,PREMIUM
593,David Jones,david.jones593@hotmail.com,2023-03-12 14:56:19,VIP
594,Tina Sanders,tina.sanders594@yahoo.com,2024-02-16 03:05:14,PREMIUM
595,Donald Riddle,donald.riddle595@yahoo.com,2024-10-09 03:28:51,REGULAR
596,Juan Bennett,juan.bennett596@gmail.com,2025-09-01 06:22:08,REGULAR
597,Mary Miller,mary.miller597@hotmail.com,2024-04-14 06:53:05,REGULAR
598,David Jones,david.jones598@yahoo.com,2025-11-30 02:18:34,REGULAR
599,Michael Walters,michael.walters599@hotmail.com,2023-04-04 01:43:11,REGULAR
600,Isaac Davis,isaac.davis600@yahoo.com,2024-12-22 11:39:31,REGULAR
