order_id,customer_id,order_date,status,region_code
1,127,24-11-2025,DELIVERED,CENTRAL
2,486,2025-06-30 16:28:53,SHIPPED,EAST
3,93,18-03-2024,PLACED,CENTRAL
4,220,2023-12-10 20:33:58,DELIVERED,EAST
5,526,2023-02-01 03:36:21,RETURNED,NORTH
6,136,2025-10-02 15:45:39,CANCELLED,SOUTH
7,313,2025-09-25 11:05:44,CANCELLED,EAST
8,224,2024-12-25 23:45:47,DELIVERED,CENTRAL
9,105,2023-01-12 09:56:14,DELIVERED,EAST
10,290,2024-04-08 15:59:20,DELIVERED,EAST
11,333,2024-03-06 03:01:06,DELIVERED,EAST
12,530,2024-01-09 07:06:38,CANCELLED,CENTRAL
13,328,2025-11-23 12:24:50,PLACED,WEST
14,266,2024-10-12 05:15:35,DELIVERED,CENTRAL
15,586,2023-10-23 00:33:01,DELIVERED,CENTRAL
16,488,2025-11-09 17:04:20,SHIPPED,SOUTH
17,572,2023-10-09 09:14:03,DELIVERED,EAST
18,573,2023-10-12 09:16:58,CANCELLED,NORTH
19,229,2024-04-22 00:58:07,CANCELLED,EAST
20,302,2024-12-21 10:14:57,DELIVERED,CENTRAL
21,73,2025-01-03 13:37:32,DELIVERED,WEST
22,424,2023-03-25 23:34:34,SHIPPED,SOUTH
23,584,2024-12-11 19:29:58,CANCELLED,SOUTH
24,500,2024-05-31 17:19:28,SHIPPED,NORTH
25,,2024-02-29 21:51:28,DELIVERED,CENTRAL
26,502,2023-05-17 18:25:09,DELIVERED,WEST
27,489,18-08-2024,DELIVERED,EAST
28,330,2025-04-04 22:22:28,DELIVERED,SOUTH
29,353,2024-04-29 19:38:34,DELIVERED,CENTRAL
30,67,2023-03-13 00:30:13,SHIPPED,CENTRAL
31,346,2024-11-04 16:12:41,RETURNED,EAST
32,502,2024-07-12 01:50:37,SHIPPED,WEST
33,,2023-12-15 11:18:23,PLACED,NORTH
34,174,2023-07-11 07:48:41,DELIVERED,NORTH
35,262,2025-04-10 16:18:26,DELIVERED,NORTH
36,21,2023-03-16 22:19:59,DELIVERED,WEST
37,259,2025-01-06 22:46:38,SHIPPED,NORTH
38,104,2025-10-26 03:09:18,DELIVERED,SOUTH
39,108,2025-03-05 17:15:47,PLACED,NORTH
40,510,2023-11-05 14:05:03,DELIVERED,CENTRAL
41,367,2025-12-28 18:01:22,SHIPPED,CENTRAL
42,213,2025-12-05 02:06:05,SHIPPED,NORTH
43,,2023-05-19 06:15:58,CANCELLED,WEST
44,93,2025-03-05 21:45:29,DELIVERED,EAST
45,468,2024-04-04 20:30:24,PLACED,SOUTH
46,298,2024-07-13 13:46:33,SHIPPED,NORTH
47,47,2023-01-16 00:36:37,DELIVERED,SOUTH
48,449,2025-08-23 22:38:47,DELIVERED,EAST
49,188,2023-06-26 19:57:52,RETURNED,EAST
50,490,2024-10-17 03:36:00,DELIVERED,NORTH
51,61,2023-09-05 14:41:28,RETURNED,WEST
52,449,2023-10-09 13:53:00,DELIVERED,CENTRAL
53,,2025-11-29 06:40:20,DELIVERED,SOUTH
54,500,2023-06-25 10:36:51,DELIVERED,NORTH
55,322,2023-01-20 04:49:19,DELIVERED,CENTRAL
56,230,2025-11-06 13:36:27,DELIVERED,CENTRAL
57,255,2025-01-18 15:38:26,DELIVERED,WEST
58,572,10-08-2025,DELIVERED,SOUTH
59,481,2025-02-09 06:03:57,PLACED,WEST
60,339,08-03-2024,SHIPPED,WEST
61,241,2023-05-03 11:01:03,CANCELLED,WEST
62,511,2024-11-25 11:54:27,RETURNED,NORTH
63,423,2023-02-25 15:54:40,PLACED,NORTH
64,312,2025-02-28 16:12:16,DELIVERED,WEST
65,373,2023-03-26 07:31:35,CANCELLED,EAST
66,485,2025-10-17 20:58:09,DELIVERED,NORTH
67,228,2023-01-04 09:54:29,CANCELLED,EAST
68,383,2025-12-26 16:02:17,CANCELLED,WEST
69,420,2023-06-16 03:48:50,SHIPPED,NORTH
70,403,2023-12-01 21:45:33,DELIVERED,EAST
71,425,2023-03-14 05:39:32,CANCELLED,CENTRAL
72,462,2024-12-11 12:39:21,RETURNED,SOUTH
73,5,2025-04-03 21:24:57,DELIVERED,WEST
74,495,2025-02-28 16:01:26,RETURNED,CENTRAL
75,132,2023-06-10 20:46:17,DELIVERED,EAST
76,394,2024-10-12 08:57:10,RETURNED,SOUTH
77,352,2024-04-01 23:35:04,PLACED,WEST
78,525,2024-04-09 08:17:21,DELIVERED,EAST
79,567,2025-09-09 16:24:51,SHIPPED,EAST
80,136,2025-10-06 20:58:37,SHIPPED,CENTRAL
81,331,2023-06-29 06:37:10,DELIVERED,CENTRAL
82,428,2025-11-13 09:37:08,CANCELLED,EAST
83,433,2023-01-20 20:07:09,PLACED,SOUTH
84,58,2023-11-07 12:54:08,DELIVERED,EAST
85,150,2023-04-07 08:45:04,SHIPPED,CENTRAL
86,,2024-12-04 01:56:46,CANCELLED,CENTRAL
87,575,2024-08-27 02:44:44,DELIVERED,EAST
88,49,2024-08-15 18:25:53,RETURNED,EAST
89,56,2023-01-21 03:22:44,SHIPPED,WEST
90,377,2025-07-03 00:35:43,DELIVERED,SOUTH
91,182,2025-11-26 11:22:00,RETURNED,CENTRAL
92,42,2024-10-27 15:55:45,SHIPPED,SOUTH
93,262,2023-01-09 18:27:57,DELIVERED,SOUTH
94,,2024-05-16 04:31:09,DELIVERED,CENTRAL
95,309,2025-02-01 01:03:52,DELIVERED,NORTH
96,326,2025-03-27 04:08:52,SHIPPED,NORTH
97,164,2024-10-08 03:02:26,DELIVERED,EAST
98,219,2025-10-27 10:54:06,DELIVERED,SOUTH
99,544,2025-01-07 15:57:32,CANCELLED,NORTH
100,355,2024-11-23 07:40:45,DELIVERED,CENTRAL
101,41,2025-11-26 07:21:32,DELIVERED,NORTH
102,554,15-03-2024,DELIVERED,EAST
103,521,2024-11-23 03:33:54,SHIPPED,SOUTH
104,85,2023-05-30 01:30:54,RETURNED,CENTRAL
105,68,2023-11-24 10:30:10,DELIVERED,WEST
106,211,2025-04-15 08:55:48,CANCELLED,WEST
107,74,2025-12-01 17:33:25,DELIVERED,EAST
108,,24-04-2023,DELIVERED,CENTRAL
109,234,2024-02-06 19:05:41,DELIVERED,WEST
110,18,2024-08-28 01:40:55,DELIVERED,CENTRAL
111,600,2023-03-12 16:59:28,PLACED,CENTRAL
112,309,2025-07-31 06:24:49,DELIVERED,WEST
113,32,2025-01-06 07:32:29,SHIPPED,WEST
114,559,2024-04-03 05:35:39,PLACED,EAST
115,12,2025-05-09 20:52:38,PLACED,NORTH
116,,2025-07-15 20:54:23,DELIVERED,NORTH
117,353,2023-11-25 22:07:31,DELIVERED,CENTRAL
118,189,2023-12-09 23:34:19,SHIPPED,NORTH
119,581,2023-03-26 11:44:34,RETURNED,CENTRAL
120,563,2023-04-24 15:01:38,PLACED,NORTH
121,595,2025-01-26 19:46:29,DELIVERED,SOUTH
122,72,2023-10-28 14:08:58,DELIVERED,CENTRAL
123,599,2023-08-25 17:41:45,DELIVERED,EAST
124,173,2023-01-08 12:08:44,DELIVERED,WEST
125,369,2023-07-28 15:17:03,SHIPPED,WEST
126,368,2024-04-19 12:48:50,PLACED,CENTRAL
127,288,2023-08-06 11:38:25,SHIPPED,NORTH
128,20,2025-02-26 20:58:40,CANCELLED,CENTRAL
129,218,2023-02-26 22:38:46,DELIVERED,CENTRAL
130,153,2024-07-22 06:42:25,CANCELLED,CENTRAL
131,298,2023-07-27 23:27:18,DELIVERED,WEST
132,11,2025-10-26 10:26:41,RETURNED,CENTRAL
133,527,2023-08-07 01:23:55,SHIPPED,CENTRAL
134,150,2025-01-21 02:18:49,PLACED,WEST
135,271,2024-07-27 21:32:31,DELIVERED,CENTRAL
136,370,2024-08-25 21:09:35,DELIVERED,NORTH
137,,2025-10-04 10:45:18,DELIVERED,CENTRAL
138,281,2024-02-14 01:08:04,DELIVERED,WEST
139,375,2025-07-01 22:15:16,CANCELLED,CENTRAL
140,229,2025-03-13 03:44:07,CANCELLED,EAST
141,494,27-07-2025,CANCELLED,WEST
142,79,2025-03-10 07:29:20,SHIPPED,SOUTH
143,122,2025-10-23 23:57:14,CANCELLED,NORTH
144,491,2025-01-14 03:12:12,SHIPPED,WEST
145,,2023-03-09 00:32:14,DELIVERED,SOUTH
146,41,2025-06-07 23:44:45,SHIPPED,SOUTH
147,416,2025-07-20 01:40:04,DELIVERED,EAST
148,222,2024-11-28 19:30:54,DELIVERED,WEST
149,421,2025-07-22 08:53:27,DELIVERED,SOUTH
150,524,2024-02-15 22:02:47,DELIVERED,WEST
151,71,2023-12-24 00:04:44,PLACED,NORTH
152,517,2025-11-29 03:04:55,PLACED,NORTH
153,40,2025-04-05 13:08:40,PLACED,WEST
154,553,2023-01-02 20:44:48,DELIVERED,WEST
155,380,2023-03-09 11:29:47,DELIVERED,WEST
156,391,2024-06-28 12:15:04,DELIVERED,CENTRAL
157,138,2024-01-31 09:07:11,SHIPPED,NORTH
158,557,2024-09-26 19:27:12,PLACED,NORTH
159,121,18-03-2025,DELIVERED,EAST
160,110,2023-08-29 10:33:49,DELIVERED,EAST
161,434,2025-05-27 04:25:56,SHIPPED,WEST
162,424,2025-05-07 15:57:51,DELIVERED,EAST
163,496,2024-01-30 05:30:58,DELIVERED,WEST
164,122,2023-12-23 22:29:42,DELIVERED,SOUTH
165,521,2024-09-14 05:59:34,CANCELLED,CENTRAL
166,54,2023-09-07 16:44:50,DELIVERED,NORTH
167,483,2025-07-21 10:46:19,PLACED,SOUTH
168,39,2024-08-20 00:42:43,DELIVERED,CENTRAL
169,59,2023-09-30 06:34:52,DELIVERED,SOUTH
170,531,2024-03-20 07:05:44,DELIVERED,CENTRAL
171,238,2025-08-13 15:56:42,PLACED,SOUTH
172,162,2023-05-15 21:44:04,DELIVERED,EAST
173,416,2025-06-29 10:39:08,PLACED,NORTH
174,563,2024-03-17 22:41:49,DELIVERED,CENTRAL
175,284,2023-12-18 12:54:29,SHIPPED,WEST
176,268,2023-09-29 21:46:11,PLACED,NORTH
177,349,2023-07-01 18:24:41,RETURNED,CENTRAL
178,589,2024-01-24 13:57:02,RETURNED,CENTRAL
179,250,2024-06-11 15:28:15,DELIVERED,WEST
180,29,2025-01-18 17:09:00,PLACED,SOUTH
181,236,2024-05-05 11:17:36,DELIVERED,CENTRAL
182,,2024-02-14 02:23:17,PLACED,EAST
183,183,2025-01-10 07:16:30,SHIPPED,CENTRAL
184,195,2025-02-14 04:02:37,SHIPPED,SOUTH
185,212,2023-12-23 01:28:34,SHIPPED,CENTRAL
186,110,2023-07-06 05:23:38,DELIVERED,WEST
187,555,2023-03-07 15:41:00,DELIVERED,EAST
188,589,2024-03-02 18:47:23,RETURNED,CENTRAL
189,228,2025-06-14 19:38:11,DELIVERED,WEST
190,554,2023-02-20 14:01:24,DELIVERED,SOUTH
191,124,2025-12-20 16:26:39,SHIPPED,NORTH
192,,2023-11-24 09:25:06,PLACED,EAST
193,266,2023-10-18 17:32:55,SHIPPED,WEST
194,352,2024-07-22 10:38:28,DELIVERED,WEST
195,382,2024-07-21 03:05:37,SHIPPED,SOUTH
196,590,2025-12-01 16:22:40,PLACED,EAST
197,569,2024-11-02 10:16:58,SHIPPED,SOUTH
198,10,2023-10-02 08:23:47,PLACED,CENTRAL
199,324,2025-01-25 22:30:57,DELIVERED,CENTRAL
200,,2023-06-03 18:02:52,PLACED,EAST
201,99,2024-11-29 19:48:11,SHIPPED,EAST
202,264,18-06-2024,PLACED,CENTRAL
203,590,2025-10-06 12:44:28,SHIPPED,EAST
204,523,2025-01-27 07:05:02,DELIVERED,NORTH
205,294,2024-12-21 09:55:50,PLACED,SOUTH
206,346,2024-10-17 06:27:30,DELIVERED,NORTH
207,352,2023-12-21 12:34:53,DELIVERED,EAST
208,405,2024-02-26 08:51:43,DELIVERED,EAST
209,534,2024-11-30 11:58:40,SHIPPED,NORTH
210,241,2025-10-25 09:59:22,DELIVERED,NORTH
211,407,2023-06-10 00:27:56,RETURNED,WEST
212,27,2024-09-08 17:41:58,RETURNED,NORTH
213,160,2023-05-11 23:21:06,CANCELLED,EAST
214,291,2024-11-19 10:13:05,PLACED,SOUTH
215,,2025-10-27 18:54:17,RETURNED,WEST
216,554,2024-02-28 04:20:45,PLACED,CENTRAL
217,468,2025-09-07 07:09:24,CANCELLED,WEST
218,547,2024-04-26 01:00:39,DELIVERED,SOUTH
219,453,2024-04-23 06:09:28,SHIPPED,EAST
220,,2025-03-23 22:38:36,CANCELLED,EAST
221,548,2023-01-13 22:05:03,DELIVERED,WEST
222,441,2024-03-31 00:56:47,DELIVERED,CENTRAL
223,422,2025-05-20 18:58:52,SHIPPED,WEST
224,226,2024-02-13 12:36:55,DELIVERED,CENTRAL
225,279,2024-03-18 05:31:20,DELIVERED,EAST
226,71,2023-10-11 08:37:57,PLACED,WEST
227,279,2025-12-24 03:30:40,SHIPPED,NORTH
228,548,2023-02-04 09:05:57,PLACED,EAST
229,449,2023-01-13 17:52:14,SHIPPED,WEST
230,431,2024-04-29 00:25:14,DELIVERED,EAST
231,33,2024-05-28 00:33:43,DELIVERED,SOUTH
232,402,2023-04-21 21:24:51,SHIPPED,EAST
233,13,2023-07-09 11:03:22,DELIVERED,WEST
234,454,2024-01-19 22:52:27,PLACED,WEST
235,97,2025-03-20 13:28:28,SHIPPED,WEST
236,320,2024-05-16 20:40:07,DELIVERED,CENTRAL
237,260,2025-01-17 13:32:22,SHIPPED,NORTH
238,224,2023-06-25 10:16:41,DELIVERED,NORTH
239,283,2025-06-27 07:04:44,DELIVERED,NORTH
240,596,2025-12-09 01:04:45,DELIVERED,EAST
241,255,2023-09-02 23:25:28,DELIVERED,EAST
242,62,2023-04-03 20:34:42,SHIPPED,CENTRAL
243,129,2025-01-27 20:06:03,RETURNED,EAST
244,450,27-10-2023,DELIVERED,SOUTH
245,41,2025-01-23 21:22:29,DELIVERED,CENTRAL
246,195,2025-05-30 08:10:19,SHIPPED,WEST
247,568,2023-09-07 02:02:08,SHIPPED,EAST
248,555,2024-07-24 06:57:13,DELIVERED,CENTRAL
249,190,2023-01-30 01:55:36,DELIVERED,CENTRAL
250,65,2025-10-19 14:48:29,CANCELLED,SOUTH
251,510,2025-05-06 16:12:36,SHIPPED,WEST
252,114,2023-05-30 12:41:41,PLACED,SOUTH
253,33,2023-11-10 22:03:08,SHIPPED,NORTH
254,398,2025-10-19 01:04:56,DELIVERED,CENTRAL
255,376,2023-12-09 21:08:30,PLACED,SOUTH
256,82,2024-12-28 02:30:34,PLACED,CENTRAL
257,426,2024-07-27 07:52:35,PLACED,CENTRAL
258,42,2023-04-20 08:15:34,PLACED,SOUTH
259,100,2023-06-07 05:56:45,DELIVERED,SOUTH
260,255,2025-06-04 12:10:18,SHIPPED,CENTRAL
261,109,2025-09-19 01:38:22,DELIVERED,WEST
262,171,2023-10-08 05:40:13,DELIVERED,SOUTH
263,454,2024-07-01 07:35:36,DELIVERED,EAST
264,423,2025-09-10 16:55:44,DELIVERED,CENTRAL
265,559,2023-11-29 07:49:08,DELIVERED,EAST
266,464,2024-11-26 04:00:04,PLACED,NORTH
267,17,2025-03-15 01:52:32,CANCELLED,NORTH
268,228,2023-11-30 17:10:29,PLACED,EAST
269,524,2025-05-14 05:13:40,DELIVERED,NORTH
270,,2024-07-06 11:48:27,SHIPPED,CENTRAL
271,263,2024-04-11 12:05:10,DELIVERED,SOUTH
272,333,2025-01-19 14:08:26,CANCELLED,CENTRAL
273,98,2025-07-13 15:49:39,PLACED,CENTRAL
274,58,2024-06-03 10:56:58,CANCELLED,WEST
275,124,2023-12-19 04:38:50,CANCELLED,NORTH
276,392,2023-03-26 02:02:10,PLACED,CENTRAL
277,335,2025-02-19 10:53:22,SHIPPED,WEST
278,590,2025-02-23 01:40:26,DELIVERED,WEST
279,345,2023-05-09 05:30:17,DELIVERED,CENTRAL
280,88,2024-09-11 02:09:53,DELIVERED,SOUTH
281,493,2025-05-18 20:04:22,DELIVERED,CENTRAL
282,537,2024-01-18 12:42:37,SHIPPED,WEST
283,590,2023-05-20 04:19:50,DELIVERED,EAST
284,329,2024-06-19 04:49:10,PLACED,EAST
285,359,2025-08-15 06:23:01,CANCELLED,CENTRAL
286,46,2023-12-29 17:07:23,DELIVERED,NORTH
287,56,2024-01-13 13:29:51,RETURNED,EAST
288,,2025-12-13 18:33:38,SHIPPED,WEST
289,,2023-11-21 16:26:25,SHIPPED,CENTRAL
290,265,2025-05-02 12:44:56,DELIVERED,SOUTH
291,19,2024-08-08 00:54:51,DELIVERED,NORTH
292,62,2024-03-17 04:47:32,DELIVERED,EAST
293,9,2023-04-14 10:56:44,SHIPPED,EAST
294,20,2024-03-30 09:01:31,DELIVERED,SOUTH
295,521,2023-06-04 17:29:43,DELIVERED,CENTRAL
296,191,2023-11-05 22:36:17,DELIVERED,NORTH
297,,2025-04-02 10:02:07,DELIVERED,SOUTH
298,,2025-11-29 00:58:35,DELIVERED,SOUTH
299,514,2024-03-04 13:29:15,DELIVERED,WEST
300,31,2025-05-12 01:38:18,SHIPPED,EAST
301,141,2023-05-17 09:14:07,DELIVERED,CENTRAL
302,233,2024-10-10 07:18:52,SHIPPED,EAST
303,338,2024-11-28 18:14:27,SHIPPED,SOUTH
304,208,2023-08-03 13:06:02,DELIVERED,CENTRAL
305,441,2023-08-14 11:40:24,DELIVERED,SOUTH
306,571,2025-04-07 22:14:47,PLACED,EAST
307,150,2023-02-15 19:13:07,CANCELLED,WEST
308,311,2024-11-19 04:24:15,CANCELLED,EAST
309,193,2023-06-15 20:43:39,PLACED,CENTRAL
310,581,2025-08-09 06:30:39,SHIPPED,NORTH
311,489,2023-07-28 07:06:42,DELIVERED,EAST
312,397,2025-02-02 10:25:11,SHIPPED,SOUTH
313,,2023-01-24 07:46:19,RETURNED,SOUTH
314,208,2023-11-14 18:37:41,RETURNED,WEST
315,502,2025-12-04 13:22:49,DELIVERED,SOUTH
316,43,2025-08-02 09:16:17,DELIVERED,EAST
317,586,2025-07-11 10:41:05,DELIVERED,NORTH
318,463,2024-12-10 18:28:56,PLACED,SOUTH
319,406,2023-03-02 23:24:23,DELIVERED,NORTH
320,451,2024-09-10 08:00:09,DELIVERED,EAST
321,433,2024-04-02 08:45:46,PLACED,CENTRAL
322,475,2025-09-30 16:24:36,DELIVERED,NORTH
323,600,2025-12-17 09:00:58,DELIVERED,EAST
324,184,2024-12-05 18:26:37,DELIVERED,SOUTH
325,93,2024-01-24 11:44:37,DELIVERED,SOUTH
326,127,2023-05-22 15:51:21,DELIVERED,EAST
327,394,2025-03-05 20:18:28,SHIPPED,CENTRAL
328,175,2024-06-04 16:54:21,DELIVERED,SOUTH
329,149,2023-10-05 20:38:10,PLACED,EAST
330,457,2024-03-24 14:31:07,PLACED,SOUTH
331,4,2025-08-25 02:43:52,PLACED,WEST
332,557,2023-01-09 22:23:45,DELIVERED,SOUTH
333,488,2024-12-05 20:35:48,PLACED,CENTRAL
334,,2025-04-30 06:22:27,DELIVERED,SOUTH
335,,19-08-2023,SHIPPED,SOUTH
336,592,2025-07-26 04:06:44,RETURNED,NORTH
337,183,2023-09-08 15:00:47,DELIVERED,CENTRAL
338,576,2023-10-03 14:40:10,DELIVERED,EAST
339,96,2024-04-09 22:30:25,CANCELLED,NORTH
340,564,2023-04-11 20:36:42,PLACED,EAST
341,424,2025-03-26 00:13:42,SHIPPED,NORTH
342,542,2023-05-17 04:33:53,DELIVERED,EAST
343,325,2024-02-08 08:49:40,RETURNED,EAST
344,577,2025-02-10 03:01:07,DELIVERED,WEST
345,239,2024-03-27 06:10:47,PLACED,NORTH
346,121,2023-11-19 01:51:13,RETURNED,WEST
347,,2024-06-27 03:53:54,DELIVERED,NORTH
348,289,2024-01-31 05:22:21,SHIPPED,CENTRAL
349,7,2023-06-26 20:08:31,SHIPPED,CENTRAL
350,30,2023-09-30 19:55:37,CANCELLED,WEST
351,37,2025-09-29 23:39:34,SHIPPED,WEST
352,550,2024-06-04 13:47:36,CANCELLED,NORTH
353,307,2025-05-27 14:35:17,SHIPPED,CENTRAL
354,,2025-06-15 22:56:39,DELIVERED,EAST
355,153,2024-03-11 16:18:27,SHIPPED,WEST
356,170,2025-06-05 23:44:18,SHIPPED,NORTH
357,316,2024-05-03 13:23:14,SHIPPED,NORTH
358,244,2024-07-31 05:38:23,RETURNED,SOUTH
359,180,2023-06-24 08:17:06,PLACED,SOUTH
360,455,25-02-2025,DELIVERED,CENTRAL
361,349,2025-01-21 01:08:25,DELIVERED,EAST
362,101,2025-03-12 19:20:26,PLACED,NORTH
363,535,29-06-2023,RETURNED,CENTRAL
364,342,2024-12-26 06:23:42,PLACED,EAST
365,,2024-04-29 21:31:50,SHIPPED,SOUTH
366,284,2025-04-06 20:40:49,DELIVERED,NORTH
367,162,2024-03-01 01:55:21,RETURNED,CENTRAL
368,212,2025-04-22 18:56:11,SHIPPED,SOUTH
369,291,2025-06-10 19:21:48,PLACED,CENTRAL
370,554,20-11-2024,PLACED,NORTH
371,56,2023-05-14 18:46:14,SHIPPED,CENTRAL
372,457,2025-08-15 09:54:04,SHIPPED,SOUTH
373,547,2023-05-03 00:23:32,DELIVERED,WEST
374,96,2025-12-21 05:40:25,DELIVERED,WEST
375,230,2023-08-12 06:19:57,DELIVERED,EAST
376,339,2024-05-19 11:58:15,PLACED,WEST
377,491,2024-12-17 12:20:10,SHIPPED,EAST
378,131,2025-02-28 01:44:10,CANCELLED,NORTH
379,73,2024-04-14 07:46:48,DELIVERED,WEST
380,250,2025-05-01 05:01:12,DELIVERED,NORTH
381,442,2024-11-07 07:09:45,SHIPPED,SOUTH
382,80,2025-06-10 23:17:27,PLACED,CENTRAL
383,569,2023-06-01 16:48:05,SHIPPED,WEST
384,112,2025-11-30 21:36:57,DELIVERED,WEST
385,63,2023-05-21 15:18:54,PLACED,CENTRAL
386,1,2023-08-16 22:19:03,DELIVERED,EAST
387,592,2024-11-25 15:19:28,DELIVERED,EAST
388,312,2024-11-06 07:47:54,RETURNED,NORTH
389,523,2024-09-19 21:34:18,CANCELLED,NORTH
390,563,24-03-2023,DELIVERED,EAST
391,289,2023-02-18 10:39:05,DELIVERED,WEST
392,392,2024-09-22 17:59:40,DELIVERED,SOUTH
393,193,2025-05-12 19:37:02,RETURNED,WEST
394,129,28-07-2023,DELIVERED,SOUTH
395,499,2025-10-19 01:17:06,RETURNED,NORTH
396,426,2024-12-09 09:58:49,DELIVERED,WEST
397,466,2025-03-02 08:21:52,CANCELLED,WEST
398,191,2024-10-21 20:38:33,DELIVERED,SOUTH
399,276,2024-09-30 05:08:37,DELIVERED,NORTH
400,582,2025-01-20 17:32:30,PLACED,WEST
401,82,2023-08-09 17:24:18,DELIVERED,EAST
402,81,2025-03-24 00:09:19,PLACED,WEST
403,80,2025-11-28 16:07:40,DELIVERED,EAST
404,352,2025-04-11 03:29:08,DELIVERED,CENTRAL
405,588,2024-05-29 23:44:14,RETURNED,EAST
406,37,2025-12-15 17:23:07,DELIVERED,CENTRAL
407,485,2025-06-17 02:39:43,PLACED,EAST
408,28,2024-03-21 13:15:45,PLACED,NORTH
409,285,2024-01-27 13:08:29,SHIPPED,EAST
410,,2023-06-23 06:51:47,RETURNED,SOUTH
411,379,2023-09-30 11:21:44,DELIVERED,WEST
412,541,2023-02-21 09:42:15,PLACED,SOUTH
413,158,2025-02-09 10:17:30,DELIVERED,WEST
414,451,2025-09-17 10:30:23,DELIVERED,EAST
415,271,30-06-2023,DELIVERED,WEST
416,546,2023-12-29 23:31:30,DELIVERED,WEST
417,544,06-11-2024,RETURNED,WEST
418,324,2025-04-03 17:16:49,PLACED,CENTRAL
419,443,2025-08-06 08:33:05,CANCELLED,EAST
420,101,2024-02-01 15:54:40,DELIVERED,SOUTH
421,200,2025-03-18 17:13:39,DELIVERED,SOUTH
422,11,11-11-2025,PLACED,WEST
423,107,2025-11-30 21:16:32,SHIPPED,EAST
424,35,2023-02-06 19:37:03,PLACED,CENTRAL
425,223,2025-07-20 02:41:29,DELIVERED,NORTH
426,134,2024-08-07 00:44:47,CANCELLED,CENTRAL
427,190,2023-06-22 04:36:15,SHIPPED,WEST
428,78,2025-09-19 07:27:48,RETURNED,WEST
429,332,2024-02-04 18:12:13,PLACED,NORTH
430,341,2023-04-04 07:08:55,CANCELLED,SOUTH
431,504,2023-11-08 17:29:12,SHIPPED,WEST
432,554,2024-10-31 22:17:55,DELIVERED,WEST
433,106,2023-02-24 03:42:30,DELIVERED,EAST
434,20,2025-02-12 03:39:08,DELIVERED,NORTH
435,273,2023-08-24 12:20:10,RETURNED,CENTRAL
436,,2025-02-01 05:51:21,DELIVERED,NORTH
437,4,2024-08-20 04:21:38,CANCELLED,WEST
438,549,2024-07-11 13:26:42,SHIPPED,NORTH
439,93,2024-07-21 13:26:06,RETURNED,NORTH
440,297,2025-10-03 07:27:27,DELIVERED,WEST
441,307,2025-12-17 00:22:18,PLACED,EAST
442,449,2023-10-22 07:44:54,SHIPPED,CENTRAL
443,399,2023-04-08 20:32:07,DELIVERED,WEST
444,461,26-01-2023,PLACED,NORTH
445,217,2025-10-12 17:17:32,DELIVERED,CENTRAL
446,594,2023-12-28 22:20:05,PLACED,SOUTH
447,20,2025-01-02 00:20:28,DELIVERED,SOUTH
448,134,2023-01-23 07:34:25,PLACED,EAST
449,100,2024-12-09 15:47:39,CANCELLED,NORTH
450,109,2023-06-27 08:55:37,DELIVERED,SOUTH
451,208,2024-10-24 02:18:54,CANCELLED,WEST
452,590,2025-04-28 00:03:37,CANCELLED,SOUTH
453,178,2024-06-05 04:29:08,SHIPPED,WEST
454,379,2025-05-09 16:32:08,SHIPPED,CENTRAL
455,,2023-06-05 07:04:17,DELIVERED,WEST
456,17,2025-01-26 11:27:48,PLACED,NORTH
457,291,2024-10-08 13:53:23,DELIVERED,WEST
458,212,2023-08-11 06:42:07,DELIVERED,WEST
459,179,2025-08-06 10:30:21,DELIVERED,WEST
460,91,2025-09-01 07:23:58,SHIPPED,WEST
461,,2024-01-02 01:15:32,RETURNED,NORTH
462,553,2025-02-27 10:29:27,DELIVERED,SOUTH
463,199,2023-06-25 00:58:55,DELIVERED,WEST
464,164,2025-11-07 00:43:41,PLACED,EAST
465,446,2024-01-26 12:11:31,CANCELLED,WEST
466,,2023-03-23 11:43:22,SHIPPED,NORTH
467,119,2023-04-21 01:50:00,DELIVERED,CENTRAL
468,430,2023-11-05 17:59:20,CANCELLED,SOUTH
469,334,2023-12-20 20:19:51,DELIVERED,SOUTH
470,226,2023-04-25 05:23:11,DELIVERED,WEST
471,466,2023-10-04 14:35:11,PLACED,SOUTH
472,277,2023-11-11 02:58:06,PLACED,CENTRAL
473,140,2023-06-22 14:27:13,DELIVERED,SOUTH
474,226,2024-04-03 12:25:07,DELIVERED,CENTRAL
475,592,2025-05-08 16:13:25,PLACED,CENTRAL
476,222,2025-07-07 23:44:00,DELIVERED,NORTH
477,253,2024-01-20 23:49:33,DELIVERED,CENTRAL
478,588,2023-01-08 21:18:21,PLACED,WEST
479,517,2023-02-22 05:27:54,DELIVERED,NORTH
480,247,2023-05-10 01:52:35,PLACED,WEST
481,136,2024-07-10 18:19:56,DELIVERED,NORTH
482,,2025-11-05 07:27:19,DELIVERED,CENTRAL
483,25,2024-12-07 13:41:38,PLACED,WEST
484,380,2025-08-31 17:12:22,DELIVERED,NORTH
485,341,04-04-2025,DELIVERED,EAST
486,556,2025-06-12 14:06:18,DELIVERED,NORTH
487,344,2023-03-27 03:31:38,RETURNED,EAST
488,114,2024-08-17 21:35:49,DELIVERED,EAST
489,573,2025-12-30 23:35:41,DELIVERED,SOUTH
490,343,2024-01-06 16:52:19,DELIVERED,CENTRAL
491,215,2023-12-17 04:54:32,CANCELLED,CENTRAL
492,284,2023-03-26 14:24:57,SHIPPED,WEST
493,126,2024-12-31 08:58:43,DELIVERED,CENTRAL
494,463,2025-08-22 14:44:28,DELIVERED,NORTH
495,469,2023-05-16 15:06:22,CANCELLED,EAST
496,79,2023-06-19 21:25:11,PLACED,SOUTH
497,210,2025-03-19 20:38:31,PLACED,WEST
498,555,2023-07-25 02:20:13,DELIVERED,NORTH
499,65,2023-02-04 05:35:04,SHIPPED,CENTRAL
500,422,2025-06-17 23:40:17,DELIVERED,EAST
501,543,2025-05-02 00:23:44,SHIPPED,SOUTH
502,314,2023-09-24 18:49:26,SHIPPED,EAST
503,49,2023-08-19 10:27:14,DELIVERED,SOUTH
504,165,2025-04-11 14:03:09,RETURNED,SOUTH
505,120,2023-03-05 22:14:14,DELIVERED,WEST
506,189,2023-11-15 16:44:46,PLACED,EAST
507,152,2024-08-02 07:16:35,RETURNED,CENTRAL
508,26,2024-09-20 11:10:36,DELIVERED,WEST
509,160,2023-01-07 16:06:11,DELIVERED,CENTRAL
510,303,2025-01-06 04:40:13,RETURNED,CENTRAL
511,579,2024-11-17 18:53:20,PLACED,WEST
512,143,2025-11-19 05:58:58,SHIPPED,WEST
513,226,2024-11-23 19:04:01,SHIPPED,CENTRAL
514,598,2025-03-28 18:52:34,RETURNED,EAST
515,86,2025-04-16 09:27:54,DELIVERED,NORTH
516,404,2023-10-30 01:37:22,DELIVERED,CENTRAL
517,370,2024-09-09 14:02:11,CANCELLED,EAST
518,13,2024-03-18 04:32:05,SHIPPED,WEST
519,90,2023-12-02 01:41:53,DELIVERED,WEST
520,296,2023-09-12 10:32:47,RETURNED,WEST
521,425,2023-08-05 19:27:37,DELIVERED,SOUTH
522,487,2025-03-27 00:38:32,PLACED,CENTRAL
523,91,2023-01-11 06:46:09,RETURNED,WEST
524,474,2025-06-01 05:27:18,PLACED,SOUTH
525,297,2025-05-10 09:39:20,CANCELLED,EAST
526,312,2025-02-06 13:24:04,DELIVERED,NORTH
527,158,2024-02-13 01:18:33,DELIVERED,WEST
528,295,2024-10-10 00:43:54,RETURNED,SOUTH
529,,2024-03-06 15:24:00,RETURNED,CENTRAL
530,596,2025-01-16 09:48:46,CANCELLED,WEST
531,123,2024-08-02 17:59:13,DELIVERED,EAST
532,60,2023-08-16 00:23:12,CANCELLED,SOUTH
533,55,2024-02-28 13:53:15,DELIVERED,EAST
534,,2024-03-29 02:01:32,RETURNED,CENTRAL
535,188,2023-05-27 19:32:16,SHIPPED,EAST
536,309,2024-02-26 16:43:26,DELIVERED,NORTH
537,361,12-08-2023,DELIVERED,EAST
538,422,2024-06-12 15:47:29,SHIPPED,SOUTH
539,227,2023-10-20 16:41:12,DELIVERED,CENTRAL
540,565,2025-12-26 22:19:57,PLACED,WEST
541,120,2023-07-23 20:41:21,DELIVERED,EAST
542,143,2024-11-17 12:38:21,DELIVERED,EAST
543,312,2023-02-14 16:13:59,PLACED,SOUTH
544,146,2025-12-04 20:15:26,PLACED,SOUTH
545,436,2025-12-09 03:34:00,PLACED,NORTH
546,442,2023-03-08 01:08:47,PLACED,CENTRAL
547,481,2023-07-04 17:44:29,PLACED,EAST
548,99,2023-07-12 07:21:29,SHIPPED,SOUTH
549,360,2023-02-15 10:51:32,CANCELLED,EAST
550,357,2024-07-01 03:05:23,DELIVERED,CENTRAL
551,584,2023-04-17 03:47:22,DELIVERED,NORTH
552,197,2024-03-13 20:22:58,DELIVERED,NORTH
553,102,2023-11-29 11:04:18,CANCELLED,WEST
554,190,2024-11-13 23:55:48,PLACED,EAST
555,435,2023-11-29 20:42:49,DELIVERED,EAST
556,113,2025-03-18 08:50:55,DELIVERED,EAST
557,42,2023-05-08 18:25:32,PLACED,EAST
558,320,2025-12-03 06:57:07,DELIVERED,CENTRAL
559,439,2023-10-21 06:24:51,CANCELLED,WEST
560,377,06-10-2023,DELIVERED,NORTH
561,536,2025-10-20 00:27:31,PLACED,WEST
562,105,2023-09-20 02:27:26,RETURNED,EAST
563,414,2023-07-10 16:54:19,DELIVERED,WEST
564,596,2025-07-11 04:52:30,DELIVERED,WEST
565,415,2025-01-22 16:41:39,PLACED,WEST
566,257,2025-01-30 03:58:08,DELIVERED,SOUTH
567,,2023-03-24 02:28:51,DELIVERED,NORTH
568,392,2025-07-28 04:31:20,SHIPPED,CENTRAL
569,79,2025-10-23 22:52:16,DELIVERED,WEST
570,510,2025-01-31 13:51:29,DELIVERED,CENTRAL
571,33,2024-10-30 14:42:49,PLACED,WEST
572,386,2024-11-18 11:41:20,PLACED,CENTRAL
573,311,2023-09-12 23:44:27,PLACED,WEST
574,113,2025-06-02 16:27:35,DELIVERED,CENTRAL
575,488,2025-05-23 10:24:03,DELIVERED,WEST
576,387,2025-08-16 09:10:41,DELIVERED,EAST
577,29,06-07-2025,CANCELLED,EAST
578,598,2023-02-11 18:53:55,DELIVERED,WEST
579,354,2024-07-09 03:34:23,PLACED,SOUTH
580,320,2025-07-09 11:10:54,DELIVERED,EAST
581,174,2023-01-31 14:54:58,PLACED,WEST
582,432,19-02-2024,DELIVERED,NORTH
583,387,2025-06-05 00:19:16,DELIVERED,WEST
584,211,2024-06-05 21:46:29,CANCELLED,EAST
585,307,2024-07-18 10:05:04,SHIPPED,NORTH
586,549,2023-11-29 13:29:05,PLACED,CENTRAL
587,232,2025-08-28 05:44:33,PLACED,CENTRAL
588,345,2024-02-29 15:47:00,CANCELLED,WEST
589,356,2023-04-30 02:09:04,SHIPPED,EAST
590,553,2024-05-01 18:38:43,DELIVERED,CENTRAL
591,561,2023-10-08 13:17:15,DELIVERED,CENTRAL
592,591,2025-02-14 11:39:37,RETURNED,WEST
593,546,2025-08-12 11:19:24,RETURNED,CENTRAL
594,62,2025-03-22 07:37:17,DELIVERED,SOUTH
595,308,2024-11-07 08:28:13,CANCELLED,NORTH
596,423,2024-02-19 16:02:56,DELIVERED,EAST
597,242,2024-09-22 11:46:44,PLACED,NORTH
598,318,2024-12-22 01:07:40,RETURNED,WEST
599,38,2023-11-10 18:45:07,PLACED,EAST
600,285,2025-10-20 05:01:26,DELIVERED,NORTH
601,498,31-01-2023,CANCELLED,EAST
602,66,2024-09-24 06:18:54,DELIVERED,NORTH
603,144,2024-01-02 16:15:07,DELIVERED,NORTH
604,595,2025-03-26 23:07:02,CANCELLED,SOUTH
605,321,2024-05-26 12:40:06,DELIVERED,SOUTH
606,224,2023-08-13 03:04:13,SHIPPED,EAST
607,261,04-07-2025,DELIVERED,NORTH
608,434,2025-01-07 15:50:41,RETURNED,SOUTH
609,377,23-04-2024,RETURNED,CENTRAL
610,,2025-10-25 17:28:44,PLACED,SOUTH
611,394,2024-04-25 10:21:55,DELIVERED,NORTH
612,243,2024-11-18 05:58:18,RETURNED,WEST
613,262,2024-04-12 09:55:24,CANCELLED,SOUTH
614,165,2024-11-12 17:21:32,CANCELLED,WEST
615,281,2023-05-05 10:08:29,RETURNED,WEST
616,341,2024-10-18 02:56:44,CANCELLED,SOUTH
617,519,2023-04-14 02:20:59,DELIVERED,CENTRAL
618,465,15-12-2025,PLACED,SOUTH
619,140,2023-01-05 18:40:27,DELIVERED,EAST
620,114,2023-09-03 04:02:49,DELIVERED,SOUTH
621,421,2024-05-11 04:03:45,CANCELLED,SOUTH
622,336,2024-03-13 18:09:57,DELIVERED,SOUTH
623,387,2025-06-05 01:42:05,RETURNED,CENTRAL
624,235,2023-05-19 05:17:12,SHIPPED,SOUTH
625,,2025-08-18 00:51:39,SHIPPED,NORTH
626,175,2025-05-31 04:20:53,DELIVERED,WEST
627,465,2025-11-12 10:00:09,SHIPPED,SOUTH
628,273,2024-03-23 08:00:01,DELIVERED,WEST
629,221,2024-03-15 13:47:00,SHIPPED,SOUTH
630,150,2023-02-14 16:44:22,SHIPPED,CENTRAL
631,255,2024-07-28 05:05:37,DELIVERED,NORTH
632,,2023-07-26 22:14:23,RETURNED,WEST
633,393,2024-10-19 13:25:49,SHIPPED,NORTH
634,54,2024-06-01 02:00:53,DELIVERED,EAST
635,47,2023-01-09 07:52:19,DELIVERED,EAST
636,380,2023-07-25 10:11:57,DELIVERED,CENTRAL
637,174,2025-02-21 13:02:20,SHIPPED,WEST
638,325,2025-04-03 23:37:57,SHIPPED,EAST
639,,2023-07-18 15:23:41,RETURNED,EAST
640,441,2024-03-15 12:13:38,SHIPPED,EAST
641,447,2023-09-14 07:02:33,RETURNED,SOUTH
642,451,2023-03-24 16:16:01,PLACED,SOUTH
643,,2024-02-09 05:51:09,DELIVERED,NORTH
644,507,2023-03-05 08:49:30,RETURNED,CENTRAL
645,505,2023-06-24 17:57:50,CANCELLED,NORTH
646,209,2024-03-17 08:37:44,SHIPPED,CENTRAL
647,577,2025-10-27 03:33:52,DELIVERED,NORTH
648,585,2023-10-08 12:05:40,PLACED,WEST
649,337,2023-02-10 07:56:23,RETURNED,NORTH
650,109,2024-05-17 14:23:00,PLACED,WEST
651,276,2025-07-12 01:32:25,SHIPPED,NORTH
652,464,2024-05-19 17:43:35,RETURNED,CENTRAL
653,50,2025-09-26 20:47:19,DELIVERED,NORTH
654,391,2023-05-24 18:33:06,SHIPPED,WEST
655,214,2023-09-11 02:52:08,DELIVERED,SOUTH
656,503,2024-11-02 15:29:24,RETURNED,CENTRAL
657,99,2024-07-24 19:47:00,DELIVERED,WEST
658,577,2025-07-21 14:19:31,DELIVERED,EAST
659,445,2025-09-06 17:41:16,PLACED,EAST
660,230,2025-10-03 00:40:25,SHIPPED,WEST
661,538,2023-05-11 10:37:56,DELIVERED,WEST
662,131,2025-11-29 01:04:21,CANCELLED,CENTRAL
663,583,2023-03-16 03:26:20,RETURNED,CENTRAL
664,436,2024-10-03 14:28:46,DELIVERED,CENTRAL
665,364,2024-01-31 21:52:37,DELIVERED,NORTH
666,474,2023-10-06 22:11:27,CANCELLED,NORTH
667,305,2024-05-02 16:46:06,DELIVERED,WEST
668,272,2024-06-14 05:52:04,CANCELLED,SOUTH
669,81,2025-07-27 08:43:24,DELIVERED,WEST
670,6,2024-09-05 12:12:03,SHIPPED,WEST
671,415,2025-10-18 17:28:13,DELIVERED,WEST
672,370,2025-12-08 21:45:23,DELIVERED,WEST
673,90,2023-07-14 07:40:27,SHIPPED,NORTH
674,193,2023-02-11 15:44:48,DELIVERED,SOUTH
675,552,2023-10-24 13:48:24,DELIVERED,SOUTH
676,23,2023-06-30 21:53:58,SHIPPED,WEST
677,483,2023-01-31 11:46:35,DELIVERED,SOUTH
678,402,2023-03-21 02:30:59,PLACED,WEST
679,508,2025-06-17 22:03:20,DELIVERED,EAST
680,,2024-09-12 21:09:51,DELIVERED,CENTRAL
681,500,2023-12-27 06:04:27,DELIVERED,WEST
682,567,2023-04-09 15:50:44,DELIVERED,WEST
683,356,2024-11-27 10:46:55,PLACED,EAST
684,481,2024-06-18 03:33:35,DELIVERED,CENTRAL
685,348,2025-07-24 07:55:11,DELIVERED,WEST
686,301,2024-08-29 10:05:39,CANCELLED,EAST
687,166,2025-08-23 23:57:51,DELIVERED,NORTH
688,133,2023-09-27 04:45:38,DELIVERED,NORTH
689,506,2024-04-16 16:57:47,DELIVERED,NORTH
690,268,2024-07-08 15:33:37,SHIPPED,CENTRAL
691,,2023-04-09 21:37:30,PLACED,SOUTH
692,230,2025-01-25 13:00:45,SHIPPED,EAST
693,571,2024-02-20 12:47:45,CANCELLED,CENTRAL
694,107,2023-03-20 07:52:11,DELIVERED,WEST
695,114,2023-06-14 11:56:04,DELIVERED,NORTH
696,43,2025-02-27 01:43:42,DELIVERED,SOUTH
697,161,2024-03-29 19:08:03,DELIVERED,WEST
698,102,2023-08-28 16:33:42,SHIPPED,SOUTH
699,207,2024-11-13 03:08:59,DELIVERED,NORTH
700,486,2024-06-14 05:20:04,SHIPPED,EAST
701,425,2024-07-14 05:45:38,SHIPPED,CENTRAL
702,234,2023-08-03 08:48:05,DELIVERED,WEST
703,529,2025-11-25 18:12:31,PLACED,SOUTH
704,530,2023-04-19 02:10:29,SHIPPED,SOUTH
705,403,2023-02-27 14:57:16,DELIVERED,CENTRAL
706,533,2024-04-04 09:24:20,CANCELLED,CENTRAL
707,322,18-06-2024,SHIPPED,CENTRAL
708,151,2025-12-23 20:53:32,DELIVERED,CENTRAL
709,453,2025-12-19 11:36:08,CANCELLED,WEST
710,309,11-05-2023,SHIPPED,SOUTH
711,554,2024-03-17 01:35:52,DELIVERED,EAST
712,164,06-02-2023,DELIVERED,CENTRAL
713,312,2024-10-18 17:06:31,PLACED,NORTH
714,266,2025-08-31 23:51:50,PLACED,NORTH
715,587,2023-01-09 02:22:10,RETURNED,CENTRAL
716,547,2025-07-14 03:40:22,SHIPPED,CENTRAL
717,387,2025-03-18 06:34:36,PLACED,CENTRAL
718,370,2024-12-06 17:53:21,DELIVERED,WEST
719,64,2024-10-22 00:55:31,DELIVERED,WEST
720,539,2024-09-17 15:44:47,DELIVERED,WEST
721,599,2025-02-13 21:37:47,RETURNED,WEST
722,427,2023-09-10 23:13:07,PLACED,WEST
723,526,2025-04-01 23:48:37,SHIPPED,WEST
724,,2023-09-01 15:24:27,DELIVERED,NORTH
725,419,2023-06-21 09:37:49,DELIVERED,NORTH
726,121,2024-07-31 01:18:24,DELIVERED,EAST
727,147,2023-08-09 19:21:21,DELIVERED,EAST
728,221,2023-10-12 09:36:36,DELIVERED,NORTH
729,70,2023-03-11 09:53:00,DELIVERED,CENTRAL
730,346,2024-08-09 02:58:24,DELIVERED,CENTRAL
731,142,2025-02-23 02:57:38,DELIVERED,WEST
732,334,2023-05-19 17:54:13,DELIVERED,WEST
733,405,2024-06-10 14:45:25,RETURNED,WEST
734,91,2023-09-15 06:33:59,DELIVERED,EAST
735,127,2025-09-27 06:51:39,SHIPPED,CENTRAL
736,55,2025-06-04 20:15:05,DELIVERED,CENTRAL
737,124,2025-10-19 13:30:11,SHIPPED,NORTH
738,211,2024-01-17 00:57:02,CANCELLED,CENTRAL
739,547,2025-07-31 17:11:15,DELIVERED,WEST
740,24,2024-06-12 02:29:56,DELIVERED,CENTRAL
741,264,2023-05-22 09:39:40,PLACED,SOUTH
742,188,2024-02-01 23:45:47,SHIPPED,WEST
743,61,2025-08-12 13:18:15,SHIPPED,NORTH
744,102,2024-05-12 04:00:38,CANCELLED,EAST
745,124,2023-03-22 14:09:23,DELIVERED,CENTRAL
746,521,2025-02-22 14:11:14,PLACED,NORTH
747,567,2024-09-24 08:54:38,PLACED,SOUTH
748,20,2024-02-23 03:00:08,DELIVERED,NORTH
749,569,2025-10-09 03:34:42,SHIPPED,WEST
750,513,2023-11-13 01:25:23,PLACED,CENTRAL
751,252,2025-04-15 00:46:50,RETURNED,CENTRAL
752,2,2024-12-22 19:29:02,DELIVERED,SOUTH
753,,2025-01-19 01:12:24,SHIPPED,WEST
754,218,2025-06-28 00:18:53,SHIPPED,SOUTH
755,577,2023-04-19 15:22:26,DELIVERED,NORTH
756,570,2024-03-10 02:57:37,SHIPPED,CENTRAL
757,326,2025-11-25 14:34:05,DELIVERED,WEST
758,330,2024-06-14 16:52:56,RETURNED,EAST
759,,2025-12-10 17:51:12,RETURNED,CENTRAL
760,10,2025-11-11 00:18:45,DELIVERED,WEST
761,552,2023-05-07 01:26:45,DELIVERED,NORTH
762,456,2025-11-10 07:08:39,RETURNED,WEST
763,367,2024-08-23 19:07:25,DELIVERED,NORTH
764,380,2023-10-27 19:13:14,SHIPPED,NORTH
765,367,2023-10-25 12:04:22,DELIVERED,EAST
766,227,2023-12-30 21:46:08,RETURNED,NORTH
767,215,2023-01-12 02:01:37,CANCELLED,WEST
768,285,2025-06-03 01:40:08,SHIPPED,SOUTH
769,580,2025-11-10 04:31:14,DELIVERED,NORTH
770,67,2023-07-17 22:58:07,DELIVERED,SOUTH
771,281,2023-10-26 00:44:38,PLACED,CENTRAL
772,574,06-12-2024,DELIVERED,NORTH
773,331,2024-11-02 22:33:52,DELIVERED,NORTH
774,478,2025-02-08 20:21:52,DELIVERED,SOUTH
775,,2024-10-14 13:02:56,SHIPPED,WEST
776,84,2025-06-07 06:58:49,RETURNED,SOUTH
777,434,2023-04-26 15:20:16,SHIPPED,EAST
778,100,2023-02-13 07:10:17,CANCELLED,CENTRAL
779,343,2024-01-24 23:56:30,DELIVERED,EAST
780,342,2025-03-18 06:53:23,RETURNED,CENTRAL
781,98,2025-08-29 10:41:29,PLACED,NORTH
782,387,2024-05-01 15:54:13,DELIVERED,SOUTH
783,453,2023-03-27 02:40:32,DELIVERED,NORTH
784,58,18-05-2025,CANCELLED,WEST
785,421,2023-12-29 03:02:40,DELIVERED,CENTRAL
786,,2024-08-19 09:34:33,DELIVERED,CENTRAL
787,348,2025-10-08 04:06:34,DELIVERED,WEST
788,198,2023-06-17 18:46:39,DELIVERED,NORTH
789,199,2025-06-09 10:53:50,DELIVERED,EAST
790,456,2023-10-16 19:43:37,DELIVERED,NORTH
791,599,2024-11-08 01:35:45,DELIVERED,EAST
792,555,2023-08-15 05:16:54,SHIPPED,EAST
793,9,2025-03-15 04:31:52,DELIVERED,NORTH
794,573,2023-03-26 19:54:26,SHIPPED,SOUTH
795,207,2023-04-17 06:16:39,DELIVERED,WEST
796,340,2025-06-17 12:42:56,SHIPPED,EAST
797,167,2023-06-12 21:00:46,DELIVERED,NORTH
798,4,2025-09-19 06:57:42,SHIPPED,CENTRAL
799,493,2024-05-29 23:46:44,DELIVERED,WEST
800,7,17-07-2024,DELIVERED,CENTRAL
801,298,2024-11-15 03:36:17,DELIVERED,EAST
802,,2023-02-16 02:45:30,SHIPPED,SOUTH
803,179,2024-06-11 21:18:51,SHIPPED,SOUTH
804,,2024-02-11 16:11:11,PLACED,SOUTH
805,114,2024-06-09 15:50:34,SHIPPED,SOUTH
806,382,2025-10-23 16:27:46,DELIVERED,CENTRAL
807,67,2023-07-04 01:45:04,RETURNED,SOUTH
808,388,2025-12-14 15:23:22,DELIVERED,SOUTH
809,194,2025-04-11 19:42:24,PLACED,SOUTH
810,287,2023-07-16 10:42:56,RETURNED,WEST
811,84,2025-01-01 03:44:54,DELIVERED,SOUTH
812,522,2024-08-04 09:39:04,DELIVERED,EAST
813,539,2025-12-14 21:11:50,RETURNED,WEST
814,411,2025-09-18 06:18:03,DELIVERED,NORTH
815,208,2024-12-03 06:45:59,DELIVERED,EAST
816,387,2025-06-06 14:13:55,CANCELLED,EAST
817,138,2023-05-11 12:47:47,DELIVERED,SOUTH
818,477,2025-03-06 18:30:53,DELIVERED,WEST
819,377,2025-02-11 21:44:59,DELIVERED,SOUTH
820,272,2025-09-29 12:34:22,RETURNED,EAST
821,526,2025-04-29 04:39:34,DELIVERED,SOUTH
822,74,13-07-2024,SHIPPED,SOUTH
823,257,2024-04-15 06:03:17,DELIVERED,EAST
824,142,2025-04-23 17:11:28,PLACED,EAST
825,355,2024-09-19 07:10:13,CANCELLED,NORTH
826,525,2023-08-20 21:36:15,SHIPPED,SOUTH
827,529,2025-06-30 21:04:54,DELIVERED,WEST
828,88,2024-05-01 08:16:32,DELIVERED,WEST
829,461,17-05-2025,PLACED,SOUTH
830,10,2025-02-15 09:54:08,CANCELLED,EAST
831,436,2025-12-01 07:05:25,DELIVERED,CENTRAL
832,24,2025-05-31 16:49:12,RETURNED,SOUTH
833,339,2025-06-01 15:41:29,DELIVERED,CENTRAL
834,401,2024-08-15 08:35:11,DELIVERED,CENTRAL
835,487,2023-06-18 18:19:53,RETURNED,EAST
836,107,2025-11-14 09:33:23,PLACED,CENTRAL
837,192,2023-11-06 03:12:38,RETURNED,EAST
838,299,2025-10-21 14:32:52,DELIVERED,EAST
839,176,2024-05-22 14:56:44,DELIVERED,SOUTH
840,133,2025-04-13 08:25:05,DELIVERED,WEST
841,212,2023-07-21 20:13:35,SHIPPED,WEST
842,589,2024-04-27 01:20:04,DELIVERED,WEST
843,8,2023-08-10 15:56:34,CANCELLED,CENTRAL
844,539,2024-05-25 21:57:44,CANCELLED,WEST
845,41,2023-05-22 12:33:14,CANCELLED,WEST
846,305,2024-08-30 12:54:20,CANCELLED,SOUTH
847,184,2025-08-17 14:53:11,DELIVERED,SOUTH
848,98,2024-09-03 08:39:23,PLACED,SOUTH
849,551,2024-03-29 10:25:57,PLACED,SOUTH
850,422,2025-05-08 18:46:07,DELIVERED,NORTH
851,334,2024-09-29 01:29:22,SHIPPED,CENTRAL
852,,2023-02-11 12:06:53,DELIVERED,WEST
853,409,2023-10-29 23:53:27,PLACED,NORTH
854,140,2024-05-23 03:33:29,DELIVERED,WEST
855,562,2025-10-17 15:34:41,RETURNED,SOUTH
856,286,2023-09-08 16:10:49,PLACED,NORTH
857,128,2025-04-10 13:20:22,SHIPPED,NORTH
858,158,2024-11-15 12:55:14,SHIPPED,NORTH
859,546,2023-12-02 19:16:16,PLACED,CENTRAL
860,106,2024-08-29 19:18:32,DELIVERED,CENTRAL
861,,2024-08-09 06:19:30,RETURNED,EAST
862,205,22-05-2023,PLACED,NORTH
863,197,2025-11-22 06:43:42,SHIPPED,NORTH
864,172,17-09-2023,DELIVERED,EAST
865,195,2025-08-28 09:30:38,DELIVERED,WEST
866,219,2023-06-14 11:41:26,SHIPPED,WEST
867,13,2024-08-27 13:55:49,SHIPPED,EAST
868,378,2023-03-10 06:09:45,SHIPPED,EAST
869,512,2023-06-08 03:53:08,DELIVERED,CENTRAL
870,98,2025-07-20 20:40:05,DELIVERED,WEST
871,137,2024-05-30 19:35:33,DELIVERED,EAST
872,494,2023-04-15 21:05:06,DELIVERED,CENTRAL
873,524,2025-09-22 02:59:56,DELIVERED,NORTH
874,128,2024-04-24 18:42:41,DELIVERED,SOUTH
875,62,2023-08-02 16:26:24,SHIPPED,SOUTH
876,39,2024-01-05 19:40:04,DELIVERED,WEST
877,337,2023-07-28 13:50:13,DELIVERED,NORTH
878,425,2025-10-03 16:55:18,DELIVERED,SOUTH
879,340,2024-06-16 09:50:29,DELIVERED,SOUTH
880,228,2025-08-02 14:14:20,DELIVERED,SOUTH
881,7,2023-04-11 09:05:30,PLACED,SOUTH
882,145,2023-11-14 05:52:26,SHIPPED,CENTRAL
883,210,2024-01-03 02:16:48,DELIVERED,WEST
884,203,2024-01-16 11:27:51,DELIVERED,EAST
885,460,2025-09-14 09:01:34,CANCELLED,WEST
886,369,2024-09-10 15:37:48,DELIVERED,WEST
887,444,2023-08-31 03:34:13,DELIVERED,NORTH
888,438,2023-05-10 07:08:44,RETURNED,CENTRAL
889,567,2023-09-30 22:32:43,DELIVERED,WEST
890,576,2025-07-30 10:15:46,SHIPPED,WEST
891,195,07-01-2023,DELIVERED,EAST
892,426,2024-09-05 01:36:25,DELIVERED,WEST
893,73,2024-09-27 00:42:20,RETURNED,NORTH
894,580,2023-09-10 05:18:30,DELIVERED,EAST
895,357,2025-03-02 15:34:36,DELIVERED,EAST
896,395,2024-10-20 17:22:10,SHIPPED,NORTH
897,371,2025-09-07 03:37:19,PLACED,SOUTH
898,467,2025-11-23 23:59:56,SHIPPED,CENTRAL
899,166,2023-01-20 03:58:16,PLACED,WEST
900,83,2025-03-16 12:27:43,CANCELLED,SOUTH
901,259,2025-12-10 17:32:43,RETURNED,WEST
902,422,2023-05-19 01:26:31,DELIVERED,EAST
903,276,2023-11-22 11:40:43,DELIVERED,EAST
904,,2023-09-19 14:21:29,PLACED,NORTH
905,428,2025-03-26 12:00:05,SHIPPED,WEST
906,384,2023-10-17 13:29:49,SHIPPED,SOUTH
907,113,2024-12-01 01:51:06,SHIPPED,SOUTH
908,188,2023-10-26 01:59:06,RETURNED,WEST
909,112,2025-09-15 15:57:57,SHIPPED,WEST
910,66,15-06-2024,SHIPPED,WEST
911,104,2023-01-15 18:25:51,DELIVERED,NORTH
912,43,2023-05-31 10:31:33,DELIVERED,WEST
913,273,2025-01-24 20:38:24,SHIPPED,WEST
914,352,2024-05-04 16:23:42,RETURNED,WEST
915,59,2024-07-07 01:43:54,CANCELLED,NORTH
916,412,04-08-2023,PLACED,CENTRAL
917,255,2024-07-26 08:03:43,DELIVERED,WEST
918,193,2023-01-05 20:39:41,RETURNED,EAST
919,,2024-07-13 13:26:18,RETURNED,EAST
920,240,2025-07-31 13:45:53,DELIVERED,NORTH
921,488,2025-10-19 16:39:25,RETURNED,WEST
922,200,2023-08-11 09:26:43,CANCELLED,CENTRAL
923,,2025-02-12 11:59:29,SHIPPED,CENTRAL
924,479,2023-09-19 01:27:51,RETURNED,WEST
925,247,2024-01-14 00:58:09,DELIVERED,NORTH
926,30,2023-09-06 22:00:14,SHIPPED,WEST
927,226,2024-02-05 05:05:17,RETURNED,NORTH
928,548,2025-09-11 04:23:18,PLACED,EAST
929,590,2025-07-22 02:57:07,SHIPPED,WEST
930,576,2024-11-09 19:08:00,SHIPPED,NORTH
931,115,2023-05-19 11:21:31,DELIVERED,SOUTH
932,119,2025-06-08 20:59:10,CANCELLED,WEST
933,2,2024-04-27 19:25:24,DELIVERED,WEST
934,328,2024-07-21 01:04:30,RETURNED,SOUTH
935,228,2023-06-15 13:48:40,DELIVERED,WEST
936,304,2023-12-07 01:20:29,DELIVERED,CENTRAL
937,36,2025-07-19 07:52:34,DELIVERED,NORTH
938,588,2025-01-12 23:40:23,SHIPPED,EAST
939,386,2023-04-02 08:41:31,SHIPPED,SOUTH
940,231,2025-12-24 01:04:51,RETURNED,SOUTH
941,402,2024-04-09 15:19:20,DELIVERED,SOUTH
942,562,2024-09-01 09:27:58,DELIVERED,EAST
943,401,2023-04-22 13:45:49,SHIPPED,SOUTH
944,562,2024-09-03 16:54:04,SHIPPED,CENTRAL
945,56,2024-04-17 08:42:02,SHIPPED,SOUTH
946,495,2024-03-28 04:18:26,SHIPPED,SOUTH
947,10,2024-07-16 16:45:20,DELIVERED,SOUTH
948,438,2025-11-21 11:33:19,RETURNED,NORTH
949,486,2023-10-07 01:11:56,PLACED,CENTRAL
950,445,2023-08-19 19:01:42,DELIVERED,NORTH
951,407,2025-01-29 01:17:37,DELIVERED,SOUTH
952,385,2025-12-10 15:58:52,DELIVERED,NORTH
953,392,2024-03-03 12:47:51,DELIVERED,NORTH
954,85,2023-07-09 14:24:43,DELIVERED,CENTRAL
955,587,2025-06-08 13:12:53,DELIVERED,NORTH
956,186,2024-08-19 11:03:42,DELIVERED,WEST
957,129,2023-06-04 11:26:19,DELIVERED,CENTRAL
958,21,2024-09-03 17:47:57,DELIVERED,CENTRAL
959,532,2025-06-27 07:59:56,CANCELLED,NORTH
960,213,2025-10-20 01:43:50,SHIPPED,CENTRAL
961,6,2025-05-11 17:31:35,SHIPPED,NORTH
962,212,2025-10-10 20:12:05,DELIVERED,NORTH
963,128,2025-02-25 06:34:36,RETURNED,SOUTH
964,1,2024-01-21 18:40:39,RETURNED,CENTRAL
965,301,2025-10-20 23:10:32,PLACED,WEST
966,536,2024-06-30 23:52:40,DELIVERED,NORTH
967,46,04-01-2024,PLACED,SOUTH
968,566,2023-12-02 14:33:13,SHIPPED,CENTRAL
969,564,2024-02-01 01:52:21,DELIVERED,SOUTH
970,86,2024-01-30 20:29:40,RETURNED,SOUTH
971,73,2025-09-05 00:00:13,RETURNED,SOUTH
972,578,2025-10-18 02:35:35,DELIVERED,SOUTH
973,158,2024-05-06 10:46:05,DELIVERED,NORTH
974,254,2023-05-01 10:19:35,DELIVERED,CENTRAL
975,338,2025-09-21 11:32:48,RETURNED,EAST
976,232,01-03-2024,DELIVERED,SOUTH
977,108,2023-07-11 20:32:38,DELIVERED,EAST
978,502,2023-05-29 10:00:36,DELIVERED,EAST
979,102,2023-03-16 12:12:03,RETURNED,WEST
980,545,2025-05-06 23:48:41,CANCELLED,WEST
981,266,2023-01-15 18:05:28,DELIVERED,SOUTH
982,582,20-02-2024,DELIVERED,EAST
983,256,2025-11-19 13:41:46,DELIVERED,SOUTH
984,363,2024-12-29 01:07:41,SHIPPED,WEST
985,235,2024-04-19 02:12:43,PLACED,EAST
986,321,2023-05-21 00:41:05,PLACED,SOUTH
987,170,12-06-2025,DELIVERED,CENTRAL
988,11,2024-10-20 15:15:18,RETURNED,SOUTH
989,528,2025-11-30 07:11:39,CANCELLED,NORTH
990,195,2023-01-12 07:48:01,DELIVERED,EAST
991,541,2025-11-28 16:16:48,DELIVERED,SOUTH
992,537,2023-12-16 15:09:53,DELIVERED,SOUTH
993,53,2024-10-18 16:13:42,SHIPPED,NORTH
994,256,2025-04-17 11:50:10,CANCELLED,EAST
995,301,2024-02-16 06:37:29,DELIVERED,CENTRAL
996,313,2025-09-25 19:47:40,CANCELLED,WEST
997,500,2023-03-31 07:38:00,DELIVERED,EAST
998,110,2023-01-09 00:10:13,DELIVERED,WEST
999,104,2024-10-31 05:31:49,PLACED,CENTRAL
1000,421,2023-07-12 09:11:18,PLACED,EAST
1001,405,2024-08-04 11:16:06,DELIVERED,SOUTH
1002,276,2023-06-18 20:26:34,DELIVERED,WEST
1003,363,05-11-2024,CANCELLED,SOUTH
1004,292,2023-03-04 12:51:50,DELIVERED,EAST
1005,165,2025-10-31 21:54:57,DELIVERED,EAST
1006,501,2025-05-04 14:05:49,DELIVERED,SOUTH
1007,410,2025-02-18 14:38:38,DELIVERED,WEST
1008,111,2023-02-02 20:36:41,SHIPPED,NORTH
1009,243,2023-03-22 20:11:08,SHIPPED,CENTRAL
1010,445,2025-01-15 22:53:35,DELIVERED,WEST
1011,157,2025-03-05 04:24:09,SHIPPED,NORTH
1012,254,2025-11-01 02:35:58,SHIPPED,NORTH
1013,515,2025-08-07 07:28:33,RETURNED,CENTRAL
1014,153,2023-12-23 08:03:45,DELIVERED,EAST
1015,150,24-10-2024,SHIPPED,NORTH
1016,538,2024-04-21 01:07:58,RETURNED,SOUTH
1017,491,2023-04-06 07:17:00,DELIVERED,EAST
1018,373,2024-03-11 19:53:00,DELIVERED,SOUTH
1019,49,10-10-2023,PLACED,EAST
1020,484,2024-03-11 05:05:51,PLACED,SOUTH
1021,504,2024-07-18 19:17:28,PLACED,NORTH
1022,134,2024-05-29 12:28:06,CANCELLED,CENTRAL
1023,381,2024-01-06 02:41:11,SHIPPED,WEST
1024,109,2023-07-22 16:50:54,DELIVERED,NORTH
1025,196,2023-10-27 16:51:31,RETURNED,NORTH
1026,352,2024-04-13 07:51:19,RETURNED,SOUTH
1027,158,2023-03-10 01:23:47,DELIVERED,EAST
1028,574,2024-06-23 13:45:22,DELIVERED,NORTH
1029,70,2025-01-20 00:51:26,RETURNED,CENTRAL
1030,171,2025-07-19 18:04:03,RETURNED,EAST
1031,,2025-05-29 12:31:31,RETURNED,SOUTH
1032,408,2025-02-07 23:54:11,CANCELLED,NORTH
1033,522,2024-08-19 18:09:56,DELIVERED,CENTRAL
1034,189,2023-01-06 14:14:17,SHIPPED,NORTH
1035,526,2024-12-08 12:04:14,DELIVERED,EAST
1036,226,2024-04-05 09:14:20,DELIVERED,SOUTH
1037,547,2024-01-06 01:21:54,DELIVERED,EAST
1038,277,2023-03-22 00:48:13,SHIPPED,SOUTH
1039,2,2025-10-04 15:15:25,DELIVERED,EAST
1040,563,2024-02-15 04:03:24,DELIVERED,CENTRAL
1041,59,2025-08-30 09:18:18,CANCELLED,SOUTH
1042,287,2023-10-02 13:10:02,PLACED,CENTRAL
1043,392,2025-10-12 16:21:08,DELIVERED,CENTRAL
1044,453,2023-12-09 18:01:10,SHIPPED,WEST
1045,238,2024-11-05 01:05:50,RETURNED,NORTH
1046,471,2023-10-15 10:20:40,SHIPPED,CENTRAL
1047,185,2025-10-02 22:56:45,SHIPPED,SOUTH
1048,193,2023-04-18 21:26:14,DELIVERED,WEST
1049,413,2023-06-05 16:59:12,PLACED,NORTH
1050,387,19-08-2024,CANCELLED,NORTH
1051,86,2024-02-20 18:57:24,DELIVERED,NORTH
1052,10,2023-06-15 04:36:11,CANCELLED,NORTH
1053,492,2025-05-24 08:36:53,CANCELLED,EAST
1054,159,14-01-2024,DELIVERED,CENTRAL
1055,46,2023-06-09 17:13:57,PLACED,WEST
1056,230,2023-02-07 06:49:02,DELIVERED,EAST
1057,232,2025-11-29 04:55:58,CANCELLED,NORTH
1058,113,2023-12-15 18:48:14,RETURNED,EAST
1059,342,2023-07-03 20:26:38,RETURNED,NORTH
1060,155,2023-10-04 14:50:52,SHIPPED,SOUTH
1061,154,2025-11-02 13:45:17,DELIVERED,EAST
1062,107,2024-02-26 03:05:23,DELIVERED,EAST
1063,79,2023-01-04 09:13:48,RETURNED,SOUTH
1064,400,2024-11-24 22:00:40,DELIVERED,WEST
1065,116,2025-06-16 15:32:38,DELIVERED,SOUTH
1066,131,2023-10-10 12:41:31,DELIVERED,WEST
1067,424,2025-07-23 18:36:33,SHIPPED,SOUTH
1068,563,2025-02-11 05:19:00,DELIVERED,CENTRAL
1069,394,2023-05-10 21:29:40,DELIVERED,CENTRAL
1070,225,2025-12-28 05:13:07,DELIVERED,SOUTH
1071,18,2024-07-16 23:11:35,RETURNED,NORTH
1072,358,2024-07-14 13:46:52,CANCELLED,SOUTH
1073,148,2025-05-06 17:25:28,RETURNED,SOUTH
1074,230,2023-03-28 18:49:22,PLACED,SOUTH
1075,27,2025-12-17 09:19:44,DELIVERED,NORTH
1076,76,2025-01-10 17:22:58,CANCELLED,NORTH
1077,145,2023-05-03 17:05:00,PLACED,WEST
1078,187,2024-12-30 18:05:55,DELIVERED,EAST
1079,346,2024-11-20 16:32:12,DELIVERED,EAST
1080,62,25-09-2025,DELIVERED,CENTRAL
1081,406,2024-10-20 01:43:36,CANCELLED,CENTRAL
1082,265,2025-06-07 16:08:02,DELIVERED,WEST
1083,279,2023-05-23 19:38:31,RETURNED,SOUTH
1084,411,19-08-2025,DELIVERED,CENTRAL
1085,80,2025-12-11 15:32:04,SHIPPED,WEST
1086,169,2023-03-26 22:18:25,DELIVERED,SOUTH
1087,107,2023-05-01 20:54:50,DELIVERED,EAST
1088,,2024-03-14 09:26:13,PLACED,SOUTH
1089,317,2023-10-19 15:35:47,DELIVERED,NORTH
1090,88,2025-06-04 15:43:03,DELIVERED,WEST
1091,,2024-05-03 16:24:12,SHIPPED,EAST
1092,408,2025-02-16 01:24:26,DELIVERED,EAST
1093,100,2024-05-29 16:26:14,DELIVERED,NORTH
1094,154,2023-02-06 19:03:08,DELIVERED,CENTRAL
1095,39,2024-03-26 16:26:04,DELIVERED,NORTH
1096,96,2023-12-26 17:33:29,CANCELLED,SOUTH
1097,165,2025-02-18 05:44:45,DELIVERED,CENTRAL
1098,350,2024-11-26 03:16:16,SHIPPED,EAST
1099,442,2023-03-04 03:47:20,DELIVERED,WEST
1100,77,2023-08-25 17:56:10,RETURNED,NORTH
1101,147,2024-04-25 20:34:25,RETURNED,NORTH
1102,466,2024-05-02 08:16:51,SHIPPED,NORTH
1103,373,2024-07-02 22:31:54,SHIPPED,WEST
1104,485,2024-02-02 17:21:08,DELIVERED,SOUTH
1105,583,28-01-2025,CANCELLED,WEST
1106,133,2024-11-15 19:14:49,CANCELLED,EAST
1107,424,2025-02-24 22:54:03,CANCELLED,NORTH
1108,59,2024-01-16 07:25:52,DELIVERED,SOUTH
1109,298,2024-08-06 19:38:53,DELIVERED,NORTH
1110,474,2025-11-05 11:44:28,DELIVERED,CENTRAL
1111,477,2023-06-19 12:15:11,DELIVERED,WEST
1112,205,2024-09-15 17:46:05,SHIPPED,CENTRAL
1113,488,2023-06-27 14:23:54,PLACED,SOUTH
1114,150,2025-09-21 12:59:48,DELIVERED,CENTRAL
1115,64,2024-07-15 13:25:36,RETURNED,SOUTH
1116,24,2025-11-28 01:07:07,SHIPPED,SOUTH
1117,71,2024-03-01 11:55:49,SHIPPED,WEST
1118,538,2023-11-29 14:24:33,SHIPPED,NORTH
1119,439,2024-06-15 07:23:52,SHIPPED,SOUTH
1120,430,2025-01-18 04:17:27,DELIVERED,SOUTH
1121,448,2024-07-04 23:53:24,DELIVERED,NORTH
1122,204,2023-05-01 20:55:08,DELIVERED,SOUTH
1123,325,2023-01-23 00:55:17,DELIVERED,SOUTH
1124,325,2023-06-26 11:34:16,DELIVERED,EAST
1125,4,2024-11-30 22:03:20,CANCELLED,WEST
1126,593,01-06-2023,DELIVERED,SOUTH
1127,560,2023-09-16 00:41:42,SHIPPED,SOUTH
1128,591,2023-01-23 07:47:25,DELIVERED,EAST
1129,515,2023-07-13 18:50:37,DELIVERED,WEST
1130,361,2024-07-01 03:23:09,DELIVERED,EAST
1131,181,2024-12-13 18:10:56,SHIPPED,CENTRAL
1132,447,2024-08-15 17:42:42,DELIVERED,WEST
1133,102,2023-05-17 02:43:01,PLACED,NORTH
1134,422,2023-06-11 01:17:43,DELIVERED,CENTRAL
1135,455,2025-02-20 22:40:39,PLACED,EAST
1136,217,2023-12-13 05:32:42,DELIVERED,NORTH
1137,481,2023-07-13 07:28:49,DELIVERED,WEST
1138,406,2023-01-12 19:32:23,DELIVERED,CENTRAL
1139,271,2024-04-22 12:34:44,DELIVERED,WEST
1140,5,05-10-2024,PLACED,EAST
1141,532,2025-07-20 23:35:45,SHIPPED,CENTRAL
1142,248,2025-05-13 07:28:23,SHIPPED,WEST
1143,592,2024-10-28 14:05:55,DELIVERED,SOUTH
1144,326,2025-03-14 13:29:14,SHIPPED,SOUTH
1145,591,2024-08-31 23:16:23,DELIVERED,EAST
1146,163,2024-05-15 20:06:57,PLACED,WEST
1147,,2025-07-10 15:23:13,DELIVERED,CENTRAL
1148,81,2025-06-07 06:01:09,DELIVERED,SOUTH
1149,367,2023-10-17 19:16:51,CANCELLED,EAST
1150,252,2024-08-10 08:50:56,DELIVERED,EAST
1151,148,01-09-2025,RETURNED,NORTH
1152,126,2023-06-16 08:06:25,SHIPPED,SOUTH
1153,507,2024-07-15 09:52:06,SHIPPED,NORTH
1154,23,2024-10-04 17:32:11,RETURNED,NORTH
1155,430,2024-08-05 22:29:48,DELIVERED,WEST
1156,185,09-04-2024,SHIPPED,CENTRAL
1157,33,2023-07-02 01:47:55,RETURNED,WEST
1158,560,2023-01-08 18:57:22,DELIVERED,NORTH
1159,31,12-04-2025,DELIVERED,SOUTH
1160,374,2023-06-28 07:37:25,PLACED,SOUTH
1161,130,2024-02-20 16:29:53,SHIPPED,NORTH
1162,565,2025-10-09 17:30:29,DELIVERED,WEST
1163,410,2023-10-27 21:35:01,SHIPPED,EAST
1164,106,2025-06-25 15:59:02,DELIVERED,SOUTH
1165,500,2024-11-04 08:59:42,DELIVERED,EAST
1166,111,2025-08-01 09:37:22,SHIPPED,EAST
1167,66,2024-11-29 02:58:21,PLACED,CENTRAL
1168,420,2024-03-31 21:29:12,CANCELLED,CENTRAL
1169,31,2023-06-28 02:27:36,SHIPPED,SOUTH
1170,75,2023-12-01 06:38:49,DELIVERED,EAST
1171,327,05-12-2025,SHIPPED,WEST
1172,330,2023-12-28 09:46:25,DELIVERED,CENTRAL
1173,223,2023-06-09 21:08:34,DELIVERED,NORTH
1174,432,2025-11-25 15:43:16,SHIPPED,EAST
1175,51,2025-02-06 07:12:14,RETURNED,WEST
1176,464,2023-09-23 20:33:05,DELIVERED,SOUTH
1177,292,2023-01-28 16:59:07,CANCELLED,NORTH
1178,292,2023-07-23 14:11:53,DELIVERED,CENTRAL
1179,41,2024-06-08 02:48:21,PLACED,NORTH
1180,426,2024-04-12 14:01:44,DELIVERED,WEST
1181,321,2025-02-06 02:53:30,DELIVERED,WEST
1182,125,2024-08-03 20:13:44,PLACED,SOUTH
1183,,2023-01-17 03:35:31,RETURNED,WEST
1184,91,2023-10-24 22:56:59,CANCELLED,CENTRAL
1185,54,2024-02-08 09:51:31,PLACED,NORTH
1186,77,2024-02-14 16:27:36,DELIVERED,WEST
1187,175,2023-08-03 00:11:20,PLACED,EAST
1188,599,2024-10-04 00:42:50,DELIVERED,CENTRAL
1189,592,2025-01-12 10:24:11,RETURNED,EAST
1190,495,2023-12-17 19:34:19,DELIVERED,NORTH
1191,249,2025-10-21 11:13:31,CANCELLED,NORTH
1192,507,2023-04-04 14:54:50,DELIVERED,WEST
1193,193,2025-01-27 12:44:41,SHIPPED,CENTRAL
1194,527,2024-05-01 18:52:16,SHIPPED,WEST
1195,517,2023-06-14 03:18:28,SHIPPED,EAST
1196,464,2025-08-21 21:05:54,DELIVERED,SOUTH
1197,434,2023-09-13 01:40:57,RETURNED,CENTRAL
1198,151,2024-12-17 01:36:54,DELIVERED,SOUTH
1199,,2024-12-16 21:36:53,PLACED,CENTRAL
1200,272,2023-07-03 19:31:12,PLACED,WEST
1201,407,2025-02-19 03:00:53,SHIPPED,WEST
1202,101,2023-03-18 07:51:47,DELIVERED,WEST
1203,194,2024-09-17 13:26:59,SHIPPED,CENTRAL
1204,444,2023-06-19 14:41:43,DELIVERED,NORTH
1205,55,2023-02-25 10:32:36,SHIPPED,CENTRAL
1206,232,2025-08-21 11:30:18,DELIVERED,WEST
1207,275,2025-02-08 05:20:15,DELIVERED,EAST
1208,295,2023-01-05 19:49:57,DELIVERED,CENTRAL
1209,313,2025-12-04 16:06:36,SHIPPED,NORTH
1210,341,2024-12-08 03:41:40,PLACED,WEST
1211,22,2023-10-03 18:14:26,CANCELLED,SOUTH
1212,10,2025-07-11 18:07:02,DELIVERED,NORTH
1213,254,2025-01-04 02:37:16,CANCELLED,CENTRAL
1214,298,2023-12-21 15:10:52,SHIPPED,SOUTH
1215,103,2024-04-18 04:23:44,SHIPPED,WEST
1216,559,2024-02-04 18:18:44,SHIPPED,WEST
1217,,2024-07-01 18:51:51,SHIPPED,CENTRAL
1218,496,2023-06-25 04:02:14,DELIVERED,NORTH
1219,421,2023-12-09 03:43:26,PLACED,WEST
1220,,2025-06-16 05:53:59,RETURNED,EAST
1221,92,2023-10-29 02:57:27,DELIVERED,NORTH
1222,558,2024-11-28 21:58:30,CANCELLED,SOUTH
1223,358,2024-05-29 11:52:10,DELIVERED,EAST
1224,43,2025-06-19 05:57:12,SHIPPED,CENTRAL
1225,466,2025-05-30 06:42:23,DELIVERED,EAST
1226,9,2025-02-14 01:20:50,PLACED,SOUTH
1227,297,2025-08-27 00:46:05,SHIPPED,WEST
1228,302,2023-01-25 05:19:36,SHIPPED,CENTRAL
1229,501,20-04-2024,DELIVERED,NORTH
1230,,2023-08-02 22:31:42,SHIPPED,CENTRAL
1231,575,2023-08-29 20:11:55,DELIVERED,SOUTH
1232,202,2024-11-02 04:01:14,PLACED,SOUTH
1233,,2024-07-04 21:38:53,DELIVERED,WEST
1234,101,2024-02-10 20:30:45,DELIVERED,SOUTH
1235,331,2025-06-17 03:38:37,DELIVERED,EAST
1236,568,2023-11-06 22:45:47,PLACED,CENTRAL
1237,473,2025-04-27 22:02:33,DELIVERED,WEST
1238,540,2024-11-17 11:16:32,DELIVERED,EAST
1239,438,2024-12-25 18:20:24,DELIVERED,NORTH
1240,28,2024-10-15 20:59:01,PLACED,EAST
1241,595,2025-03-06 16:27:12,DELIVERED,CENTRAL
1242,55,2024-09-01 23:24:02,DELIVERED,WEST
1243,531,2024-12-15 22:16:23,PLACED,EAST
1244,110,2024-06-02 01:09:51,CANCELLED,CENTRAL
1245,340,2023-04-05 13:12:11,DELIVERED,CENTRAL
1246,55,2025-12-25 20:31:29,PLACED,WEST
1247,159,2024-04-12 10:04:28,DELIVERED,NORTH
1248,206,2023-06-28 04:39:23,SHIPPED,NORTH
1249,254,2023-11-14 08:37:10,PLACED,CENTRAL
1250,57,2023-07-09 05:27:31,DELIVERED,SOUTH
1251,560,2024-02-09 07:37:32,DELIVERED,CENTRAL
1252,150,15-09-2025,PLACED,SOUTH
1253,560,2023-11-08 05:37:41,SHIPPED,NORTH
1254,505,2024-07-24 15:24:20,DELIVERED,NORTH
1255,436,19-08-2023,DELIVERED,CENTRAL
1256,595,15-04-2024,DELIVERED,CENTRAL
1257,364,2023-08-05 09:36:42,DELIVERED,EAST
1258,,2023-09-03 22:23:36,CANCELLED,CENTRAL
1259,538,2024-08-29 19:31:49,SHIPPED,SOUTH
1260,577,2024-06-11 01:41:17,CANCELLED,SOUTH
1261,311,2024-09-03 22:43:39,CANCELLED,WEST
1262,484,2025-07-30 03:25:09,DELIVERED,CENTRAL
1263,539,2024-02-07 16:38:47,SHIPPED,CENTRAL
1264,414,15-04-2023,CANCELLED,SOUTH
1265,109,2025-02-14 20:14:43,DELIVERED,SOUTH
1266,243,2023-06-13 18:46:57,SHIPPED,WEST
1267,431,2023-04-10 23:53:02,SHIPPED,NORTH
1268,75,2024-11-16 21:22:25,DELIVERED,NORTH
1269,329,2023-06-17 05:53:35,DELIVERED,CENTRAL
1270,201,2024-01-28 05:41:37,DELIVERED,SOUTH
1271,166,2024-11-05 07:02:30,CANCELLED,SOUTH
1272,25,2025-09-04 07:07:54,PLACED,NORTH
1273,6,2024-07-12 13:24:20,DELIVERED,NORTH
1274,541,2025-02-09 18:45:44,SHIPPED,WEST
1275,366,2025-08-18 18:33:47,CANCELLED,NORTH
1276,386,2023-04-21 02:08:10,PLACED,CENTRAL
1277,121,2025-02-13 17:20:24,DELIVERED,EAST
1278,,2024-03-26 08:07:26,SHIPPED,EAST
1279,162,2024-03-23 11:59:26,DELIVERED,CENTRAL
1280,513,2024-04-30 01:07:32,PLACED,NORTH
1281,270,11-10-2025,SHIPPED,EAST
1282,61,2023-08-05 09:03:23,CANCELLED,EAST
1283,64,2024-01-02 00:26:45,CANCELLED,CENTRAL
1284,37,2024-06-21 06:03:26,RETURNED,CENTRAL
1285,83,2025-05-06 14:37:24,PLACED,NORTH
1286,509,2025-02-27 12:51:31,DELIVERED,WEST
1287,234,2023-02-03 07:27:45,PLACED,SOUTH
1288,389,2025-11-25 08:36:40,PLACED,WEST
1289,387,2025-12-16 07:54:08,DELIVERED,CENTRAL
1290,449,2023-07-03 07:04:52,RETURNED,EAST
1291,352,2024-11-09 02:49:30,SHIPPED,NORTH
1292,233,2024-10-03 16:11:50,CANCELLED,CENTRAL
1293,16,2024-01-24 05:46:56,PLACED,SOUTH
1294,290,2023-03-09 21:58:42,DELIVERED,SOUTH
1295,133,2025-07-30 13:56:05,DELIVERED,NORTH
1296,557,2023-11-16 19:03:10,DELIVERED,EAST
1297,226,2024-11-20 00:26:17,RETURNED,CENTRAL
1298,251,2025-03-29 10:10:29,SHIPPED,CENTRAL
1299,56,2024-06-22 11:30:22,DELIVERED,CENTRAL
1300,81,2023-11-13 05:04:40,CANCELLED,CENTRAL
1301,567,2023-11-24 10:03:41,DELIVERED,SOUTH
1302,,2024-01-01 05:21:31,DELIVERED,WEST
1303,22,2025-02-14 00:37:09,SHIPPED,CENTRAL
1304,87,2023-04-03 18:31:28,DELIVERED,WEST
1305,,2024-08-17 07:55:16,PLACED,SOUTH
1306,442,07-04-2025,SHIPPED,CENTRAL
1307,27,2025-08-03 15:26:44,SHIPPED,EAST
1308,222,2023-02-12 11:30:02,CANCELLED,WEST
1309,59,2023-06-19 15:39:05,RETURNED,EAST
1310,548,2024-12-21 00:37:37,DELIVERED,CENTRAL
1311,391,2024-12-26 23:25:02,RETURNED,SOUTH
1312,288,2025-11-26 09:07:30,PLACED,SOUTH
1313,303,2024-06-08 08:07:05,PLACED,EAST
1314,257,2025-10-11 10:45:51,DELIVERED,NORTH
1315,329,2024-02-15 21:55:43,DELIVERED,NORTH
1316,478,2023-02-27 11:36:00,DELIVERED,CENTRAL
1317,60,2025-06-19 07:56:51,SHIPPED,CENTRAL
1318,66,2024-11-15 04:46:31,DELIVERED,EAST
1319,507,2023-07-17 15:11:52,SHIPPED,CENTRAL
1320,239,2023-06-27 18:52:37,SHIPPED,CENTRAL
1321,594,07-05-2024,DELIVERED,NORTH
1322,266,04-02-2024,CANCELLED,EAST
1323,46,2025-07-21 23:12:07,PLACED,CENTRAL
1324,524,2023-05-01 07:33:13,SHIPPED,EAST
1325,426,2023-04-21 21:43:49,CANCELLED,SOUTH
1326,,2025-07-31 21:21:36,SHIPPED,WEST
1327,384,2025-01-01 04:24:35,SHIPPED,NORTH
1328,46,2024-03-27 20:31:03,RETURNED,NORTH
1329,217,2024-05-01 09:25:44,DELIVERED,CENTRAL
1330,353,2023-11-30 18:53:11,DELIVERED,SOUTH
1331,81,2023-05-01 02:22:45,RETURNED,CENTRAL
1332,589,2025-09-06 04:11:45,DELIVERED,NORTH
1333,541,2023-03-21 21:30:19,DELIVERED,CENTRAL
1334,276,2023-10-30 23:00:23,SHIPPED,SOUTH
1335,371,2023-12-25 16:13:45,DELIVERED,NORTH
1336,456,2024-09-28 19:08:31,DELIVERED,CENTRAL
1337,371,2025-10-11 21:54:18,SHIPPED,WEST
1338,129,2025-04-15 03:46:24,RETURNED,CENTRAL
1339,267,2024-03-21 15:51:18,PLACED,WEST
1340,152,2025-06-13 19:16:28,CANCELLED,SOUTH
1341,465,2023-01-25 02:20:19,DELIVERED,CENTRAL
1342,482,2023-06-06 21:22:49,PLACED,WEST
1343,,2023-09-17 07:48:41,PLACED,CENTRAL
1344,433,2024-07-04 11:47:17,DELIVERED,SOUTH
1345,122,2024-06-07 05:07:23,CANCELLED,CENTRAL
1346,111,2023-03-12 06:35:01,RETURNED,WEST
1347,461,2024-11-07 19:42:21,DELIVERED,SOUTH
1348,522,2023-05-11 03:53:55,PLACED,CENTRAL
1349,465,2024-08-12 08:06:34,SHIPPED,CENTRAL
1350,100,2023-12-27 19:24:45,SHIPPED,CENTRAL
1351,538,2025-06-19 17:33:44,RETURNED,EAST
1352,327,2023-10-05 03:49:24,PLACED,SOUTH
1353,285,2025-06-12 10:41:31,SHIPPED,EAST
1354,122,2024-03-23 03:34:15,DELIVERED,SOUTH
1355,266,2025-07-30 15:39:44,RETURNED,EAST
1356,212,2025-05-07 18:08:42,DELIVERED,NORTH
1357,41,2025-04-18 14:18:42,SHIPPED,WEST
1358,27,2024-07-28 01:28:14,RETURNED,CENTRAL
1359,456,2025-03-20 04:19:55,DELIVERED,NORTH
1360,123,2024-11-21 08:37:17,DELIVERED,NORTH
1361,286,2025-11-04 19:31:25,DELIVERED,NORTH
1362,228,2023-04-26 11:58:52,DELIVERED,EAST
1363,526,2025-11-10 01:00:48,DELIVERED,EAST
1364,40,2024-11-04 05:29:20,DELIVERED,CENTRAL
1365,572,2025-10-24 00:43:43,DELIVERED,NORTH
1366,386,2023-12-09 02:00:25,SHIPPED,SOUTH
1367,192,2025-02-10 15:18:09,SHIPPED,NORTH
1368,220,2023-01-05 23:13:09,DELIVERED,CENTRAL
1369,183,2023-03-02 07:02:36,SHIPPED,WEST
1370,241,2025-09-17 15:43:28,DELIVERED,SOUTH
1371,238,2024-03-29 18:52:14,DELIVERED,WEST
1372,557,2025-01-17 03:27:11,SHIPPED,EAST
1373,458,2024-05-20 11:40:52,DELIVERED,SOUTH
1374,327,2025-10-23 05:25:57,DELIVERED,SOUTH
1375,496,2025-01-29 21:44:33,DELIVERED,NORTH
1376,520,2023-12-01 03:44:21,DELIVERED,NORTH
1377,331,2024-02-11 09:21:02,DELIVERED,WEST
1378,267,2023-03-26 20:52:46,DELIVERED,EAST
1379,47,2024-04-24 06:06:38,SHIPPED,SOUTH
1380,113,2025-08-10 17:37:45,PLACED,CENTRAL
1381,,2023-02-02 19:19:28,PLACED,EAST
1382,567,2023-04-09 14:08:18,DELIVERED,EAST
1383,161,2025-04-12 04:17:57,DELIVERED,EAST
1384,383,2024-05-29 23:17:40,DELIVERED,SOUTH
1385,37,2023-02-01 02:42:42,DELIVERED,CENTRAL
1386,497,2023-03-07 16:30:19,SHIPPED,SOUTH
1387,254,2023-02-22 11:20:08,PLACED,WEST
1388,135,2024-02-24 10:16:46,PLACED,CENTRAL
1389,426,01-02-2023,CANCELLED,CENTRAL
1390,98,2025-07-02 17:31:42,SHIPPED,CENTRAL
1391,332,2024-10-22 10:50:30,PLACED,EAST
1392,103,2024-02-15 12:41:52,DELIVERED,WEST
1393,96,2023-12-12 06:11:26,DELIVERED,WEST
1394,547,2025-02-25 23:10:29,PLACED,WEST
1395,382,2025-04-29 02:01:55,DELIVERED,CENTRAL
1396,407,2023-12-27 13:53:41,DELIVERED,NORTH
1397,341,2023-08-12 08:10:51,RETURNED,NORTH
1398,213,2025-01-30 21:29:41,PLACED,WEST
1399,485,2025-03-24 01:58:39,DELIVERED,SOUTH
1400,506,2024-01-27 12:07:48,DELIVERED,SOUTH
1401,,2025-12-06 07:41:32,DELIVERED,NORTH
1402,215,2025-05-23 16:08:44,DELIVERED,EAST
1403,242,2024-05-14 22:59:19,DELIVERED,CENTRAL
1404,84,2023-06-13 04:19:10,PLACED,SOUTH
1405,166,2025-03-18 16:43:53,SHIPPED,WEST
1406,117,2023-03-02 16:20:05,DELIVERED,CENTRAL
1407,561,2024-10-11 13:39:46,SHIPPED,WEST
1408,278,2025-03-22 15:28:12,CANCELLED,CENTRAL
1409,145,2024-03-26 19:19:12,SHIPPED,CENTRAL
1410,381,2025-03-17 19:52:54,DELIVERED,SOUTH
1411,139,2023-09-13 03:14:39,CANCELLED,NORTH
1412,184,2023-08-22 13:25:11,RETURNED,NORTH
1413,193,2023-11-06 13:14:09,DELIVERED,EAST
1414,480,2025-07-12 10:52:07,DELIVERED,CENTRAL
1415,354,03-09-2025,SHIPPED,EAST
1416,437,2025-06-26 22:33:38,DELIVERED,WEST
1417,575,2025-04-20 10:34:31,SHIPPED,CENTRAL
1418,222,2024-03-10 22:37:02,DELIVERED,SOUTH
1419,393,2024-05-27 21:15:50,CANCELLED,CENTRAL
1420,485,2023-11-22 03:31:11,DELIVERED,SOUTH
1421,151,2023-08-11 15:51:14,CANCELLED,EAST
1422,54,2023-08-01 18:47:43,DELIVERED,WEST
1423,513,2023-07-02 05:07:49,DELIVERED,WEST
1424,364,2024-04-29 07:19:24,SHIPPED,NORTH
1425,220,2023-09-16 01:15:53,CANCELLED,SOUTH
1426,574,2024-11-17 01:47:12,DELIVERED,NORTH
1427,446,2025-10-09 23:45:23,PLACED,EAST
1428,355,2024-10-20 18:46:16,DELIVERED,SOUTH
1429,184,2023-01-17 13:53:48,DELIVERED,SOUTH
1430,,2024-04-27 04:12:14,RETURNED,EAST
1431,14,2025-07-31 14:11:23,DELIVERED,WEST
1432,260,2024-03-01 21:56:28,RETURNED,NORTH
1433,483,2025-08-01 18:57:59,DELIVERED,WEST
1434,559,11-06-2023,PLACED,SOUTH
1435,182,2023-07-24 12:12:03,CANCELLED,NORTH
1436,64,2024-05-03 03:35:16,DELIVERED,SOUTH
1437,18,2024-05-31 18:38:58,CANCELLED,EAST
1438,174,2025-06-30 15:15:36,DELIVERED,NORTH
1439,413,2024-10-08 19:43:26,DELIVERED,NORTH
1440,514,2023-08-18 03:43:06,PLACED,WEST
1441,,2025-08-03 07:36:23,DELIVERED,SOUTH
1442,4,2024-04-28 09:03:15,DELIVERED,EAST
1443,89,2025-05-29 13:03:59,PLACED,NORTH
1444,89,2023-10-16 09:51:54,DELIVERED,NORTH
1445,11,2023-12-04 21:57:05,DELIVERED,SOUTH
1446,196,2023-07-26 04:42:45,DELIVERED,EAST
1447,144,2025-05-27 18:12:59,SHIPPED,SOUTH
1448,205,2023-10-03 03:13:01,SHIPPED,WEST
1449,502,2024-07-05 17:04:02,SHIPPED,CENTRAL
1450,175,2023-02-27 01:26:03,DELIVERED,SOUTH
1451,216,2025-12-26 19:26:46,DELIVERED,EAST
1452,516,2025-05-06 21:33:22,DELIVERED,NORTH
1453,216,2024-02-06 02:54:36,SHIPPED,NORTH
1454,191,2025-01-08 05:06:22,DELIVERED,EAST
1455,35,2024-05-15 18:54:03,DELIVERED,NORTH
1456,487,2024-06-03 22:59:08,RETURNED,SOUTH
1457,314,2023-09-10 19:35:50,SHIPPED,NORTH
1458,468,2025-07-11 02:04:14,DELIVERED,WEST
1459,250,2024-01-28 08:40:11,DELIVERED,WEST
1460,308,2023-03-04 08:06:58,CANCELLED,CENTRAL
1461,437,2024-02-23 10:30:18,DELIVERED,NORTH
1462,171,2024-04-11 22:32:15,RETURNED,CENTRAL
1463,582,2023-08-05 18:46:17,SHIPPED,NORTH
1464,317,2023-08-08 18:02:46,DELIVERED,SOUTH
1465,152,2023-11-08 07:41:49,SHIPPED,NORTH
1466,209,2024-11-09 03:43:19,SHIPPED,CENTRAL
1467,384,2023-01-08 16:21:17,SHIPPED,WEST
1468,404,2025-12-21 12:23:50,DELIVERED,WEST
1469,249,2023-05-29 20:36:35,SHIPPED,SOUTH
1470,335,2024-03-15 22:15:35,DELIVERED,WEST
1471,547,2023-04-22 07:33:32,DELIVERED,CENTRAL
1472,,2025-08-03 07:21:25,SHIPPED,EAST
1473,2,2025-08-06 11:34:11,DELIVERED,NORTH
1474,142,2025-02-15 15:28:31,SHIPPED,WEST
1475,394,2025-10-13 00:33:45,SHIPPED,EAST
1476,493,2023-02-24 02:25:55,RETURNED,SOUTH
1477,530,2023-06-15 08:01:07,PLACED,NORTH
1478,415,2023-01-19 23:45:43,PLACED,CENTRAL
1479,466,2023-01-19 00:03:23,RETURNED,WEST
1480,56,2024-04-15 14:57:46,DELIVERED,NORTH
1481,462,2025-02-18 22:12:45,DELIVERED,EAST
1482,374,2023-06-23 11:26:20,RETURNED,CENTRAL
1483,82,22-08-2023,RETURNED,CENTRAL
1484,528,2025-08-12 14:58:13,DELIVERED,NORTH
1485,41,2023-07-08 19:45:58,DELIVERED,NORTH
1486,379,2024-01-27 23:25:30,DELIVERED,NORTH
1487,184,2024-03-31 12:46:04,PLACED,EAST
1488,37,2025-07-14 12:14:51,DELIVERED,CENTRAL
1489,255,2023-09-30 05:11:02,PLACED,SOUTH
1490,442,2024-03-02 17:25:04,DELIVERED,CENTRAL
1491,537,2025-06-03 00:24:11,PLACED,EAST
1492,,2025-08-04 14:20:40,DELIVERED,NORTH
1493,81,2024-06-08 17:04:49,DELIVERED,WEST
1494,189,2024-02-04 00:21:37,DELIVERED,NORTH
1495,444,2023-06-30 20:39:16,DELIVERED,EAST
1496,553,2024-01-14 15:44:53,PLACED,CENTRAL
1497,448,2024-03-02 20:47:33,DELIVERED,EAST
1498,47,2025-07-28 05:57:47,SHIPPED,EAST
1499,417,18-11-2023,DELIVERED,SOUTH
1500,474,2025-07-19 15:18:02,DELIVERED,NORTH
1501,19,2024-05-19 06:17:40,DELIVERED,CENTRAL
1502,431,2025-09-13 02:02:24,DELIVERED,WEST
1503,13,2024-06-16 18:07:46,SHIPPED,WEST
1504,511,2023-11-24 05:07:52,SHIPPED,WEST
1505,34,2025-10-23 08:37:30,RETURNED,WEST
1506,354,2023-05-10 01:53:39,RETURNED,EAST
1507,323,2024-12-02 09:06:34,PLACED,CENTRAL
1508,361,2025-05-27 12:42:59,RETURNED,NORTH
1509,291,2025-05-14 09:34:03,RETURNED,WEST
1510,135,2024-08-10 20:50:59,CANCELLED,NORTH
1511,217,2023-06-21 20:41:18,SHIPPED,SOUTH
1512,411,2025-05-04 12:06:33,DELIVERED,WEST
1513,286,2024-05-11 04:13:31,DELIVERED,EAST
1514,546,2024-09-01 05:16:58,DELIVERED,WEST
1515,461,2023-09-01 20:11:01,SHIPPED,EAST
1516,,2024-06-02 22:28:02,DELIVERED,NORTH
1517,429,2024-10-11 18:13:12,DELIVERED,CENTRAL
1518,516,2023-05-06 01:28:27,DELIVERED,NORTH
1519,256,2023-09-16 14:02:11,DELIVERED,NORTH
1520,24,2025-07-23 03:40:35,DELIVERED,CENTRAL
1521,198,2023-09-08 16:39:19,DELIVERED,SOUTH
1522,205,2024-05-16 08:01:49,PLACED,NORTH
1523,473,2024-12-14 07:57:11,DELIVERED,SOUTH
1524,473,2025-02-16 01:21:52,CANCELLED,EAST
1525,164,2024-01-16 09:10:16,RETURNED,NORTH
1526,417,2025-03-18 10:20:14,CANCELLED,NORTH
1527,267,2025-04-14 17:32:28,DELIVERED,CENTRAL
1528,450,2025-01-16 21:48:18,PLACED,WEST
1529,41,2024-07-18 11:32:14,RETURNED,WEST
1530,128,2023-06-10 23:20:45,SHIPPED,CENTRAL
1531,115,2023-09-20 11:02:30,DELIVERED,SOUTH
1532,495,2023-11-23 08:32:09,SHIPPED,NORTH
1533,504,2024-01-16 04:08:15,SHIPPED,WEST
1534,462,2025-12-22 17:32:58,SHIPPED,NORTH
1535,152,2025-03-21 13:20:31,SHIPPED,EAST
1536,299,2024-04-21 09:12:54,SHIPPED,EAST
1537,451,2025-11-11 21:38:59,DELIVERED,SOUTH
1538,300,2024-08-19 21:00:31,SHIPPED,SOUTH
1539,152,26-06-2025,DELIVERED,CENTRAL
1540,530,2024-09-22 10:59:04,RETURNED,EAST
1541,514,2024-05-03 05:48:46,DELIVERED,WEST
1542,538,2025-01-18 20:13:09,CANCELLED,NORTH
1543,67,2024-06-15 20:22:00,SHIPPED,SOUTH
1544,123,2025-10-06 17:37:55,DELIVERED,CENTRAL
1545,13,2025-03-25 04:32:51,DELIVERED,EAST
1546,409,2025-08-31 01:57:37,SHIPPED,NORTH
1547,548,2025-04-15 07:59:36,RETURNED,NORTH
1548,536,2024-01-21 05:03:51,DELIVERED,SOUTH
1549,251,2023-12-21 17:07:46,DELIVERED,NORTH
1550,273,2025-05-07 11:08:38,DELIVERED,NORTH
1551,136,2025-03-22 18:21:47,SHIPPED,SOUTH
1552,596,2025-01-11 10:22:26,DELIVERED,NORTH
1553,75,2023-11-02 03:17:08,DELIVERED,WEST
1554,556,2025-07-04 13:31:30,DELIVERED,CENTRAL
1555,,2024-10-29 14:27:06,PLACED,WEST
1556,200,2025-07-03 21:10:58,DELIVERED,WEST
1557,258,2024-09-24 12:21:20,DELIVERED,SOUTH
1558,495,2025-03-09 18:46:27,DELIVERED,EAST
1559,255,2024-06-13 22:42:22,DELIVERED,EAST
1560,115,2023-10-11 00:10:23,SHIPPED,CENTRAL
1561,168,2023-10-05 17:58:01,DELIVERED,EAST
1562,454,2024-06-15 22:46:47,DELIVERED,SOUTH
1563,112,2023-12-27 02:14:05,DELIVERED,EAST
1564,484,2023-06-09 21:01:41,RETURNED,SOUTH
1565,159,2024-05-17 22:51:00,DELIVERED,SOUTH
1566,161,2024-05-20 22:16:38,RETURNED,CENTRAL
1567,276,2023-12-22 07:26:01,DELIVERED,EAST
1568,314,2024-06-02 10:03:50,CANCELLED,EAST
1569,436,2025-05-25 00:50:21,DELIVERED,WEST
1570,419,2024-07-03 07:36:33,PLACED,WEST
1571,20,2025-12-30 03:39:28,DELIVERED,EAST
1572,383,2023-02-06 18:49:01,DELIVERED,EAST
1573,205,2023-11-30 23:01:47,DELIVERED,EAST
1574,249,2023-09-07 04:48:52,DELIVERED,CENTRAL
1575,48,2025-10-21 08:53:37,RETURNED,WEST
1576,385,2023-04-03 03:29:29,DELIVERED,EAST
1577,449,2024-03-17 13:03:40,PLACED,NORTH
1578,424,2023-08-24 18:29:31,DELIVERED,CENTRAL
1579,91,2024-11-11 19:33:42,DELIVERED,EAST
1580,299,07-12-2025,DELIVERED,NORTH
1581,322,2024-07-15 03:36:57,DELIVERED,SOUTH
1582,480,2023-12-20 16:36:38,SHIPPED,EAST
1583,24,2023-08-06 21:38:32,DELIVERED,WEST
1584,50,2025-03-31 20:04:56,RETURNED,EAST
1585,,2024-11-10 04:15:18,RETURNED,EAST
1586,504,2024-03-15 01:49:20,DELIVERED,NORTH
1587,572,2023-06-24 12:08:58,DELIVERED,NORTH
1588,480,2025-08-05 15:37:19,SHIPPED,NORTH
1589,442,2024-03-06 02:16:19,CANCELLED,SOUTH
1590,75,2023-10-10 05:17:27,SHIPPED,CENTRAL
1591,443,2023-02-03 08:57:50,SHIPPED,CENTRAL
1592,20,2023-01-14 06:18:58,DELIVERED,EAST
1593,599,2025-11-13 20:36:39,DELIVERED,SOUTH
1594,589,2024-07-04 22:08:07,DELIVERED,CENTRAL
1595,152,2023-11-17 05:36:42,PLACED,CENTRAL
1596,41,2023-07-17 18:57:56,RETURNED,EAST
1597,236,2025-10-19 10:14:45,SHIPPED,WEST
1598,239,2023-12-04 11:08:16,PLACED,WEST
1599,385,2023-02-09 11:52:16,DELIVERED,SOUTH
1600,458,2024-11-12 06:12:42,SHIPPED,WEST
1601,128,2023-05-25 05:45:59,DELIVERED,CENTRAL
1602,125,2023-09-11 00:43:05,PLACED,WEST
1603,367,2024-05-07 06:07:37,SHIPPED,NORTH
1604,369,2025-01-12 12:20:49,PLACED,WEST
1605,,2024-08-13 08:30:46,DELIVERED,NORTH
1606,318,2023-04-12 10:46:09,CANCELLED,EAST
1607,87,2025-10-07 09:53:11,DELIVERED,WEST
1608,,2024-03-02 18:09:34,CANCELLED,NORTH
1609,255,2023-10-03 12:23:59,PLACED,SOUTH
1610,482,2023-03-02 13:40:58,CANCELLED,EAST
1611,425,2023-09-02 15:22:49,SHIPPED,CENTRAL
1612,186,2024-07-21 02:43:18,PLACED,SOUTH
1613,,2023-11-14 00:32:17,DELIVERED,EAST
1614,30,2023-02-10 03:00:48,CANCELLED,NORTH
1615,148,25-09-2024,DELIVERED,CENTRAL
1616,174,2023-09-03 17:06:04,SHIPPED,SOUTH
1617,68,2023-06-24 14:58:13,DELIVERED,WEST
1618,550,2024-11-15 03:53:32,DELIVERED,NORTH
1619,481,2024-02-04 00:29:43,DELIVERED,EAST
1620,99,2025-01-12 05:17:47,CANCELLED,CENTRAL
1621,225,2025-03-10 14:40:32,RETURNED,SOUTH
1622,98,2024-09-19 08:11:30,DELIVERED,SOUTH
1623,190,2025-10-21 07:04:17,DELIVERED,WEST
1624,533,2025-03-13 23:35:28,CANCELLED,SOUTH
1625,384,2025-10-24 03:23:27,DELIVERED,NORTH
1626,395,08-09-2025,SHIPPED,SOUTH
1627,,12-09-2025,DELIVERED,SOUTH
1628,12,2025-06-07 16:56:21,CANCELLED,SOUTH
1629,592,2024-09-22 03:59:01,SHIPPED,CENTRAL
1630,451,2023-07-03 00:36:55,DELIVERED,CENTRAL
1631,346,2023-10-17 10:29:26,CANCELLED,WEST
1632,468,2025-10-27 07:40:49,CANCELLED,CENTRAL
1633,375,2024-10-24 13:36:49,RETURNED,SOUTH
1634,469,2023-06-22 15:29:11,DELIVERED,SOUTH
1635,315,2024-12-04 00:50:22,RETURNED,NORTH
1636,517,2023-10-11 16:16:58,RETURNED,CENTRAL
1637,228,2023-01-26 23:20:18,DELIVERED,CENTRAL
1638,156,2025-05-24 09:47:57,DELIVERED,CENTRAL
1639,236,2025-12-13 14:48:52,DELIVERED,EAST
1640,170,2025-09-13 07:03:40,DELIVERED,SOUTH
1641,435,2023-11-11 02:25:04,RETURNED,WEST
1642,535,2024-10-16 09:51:55,DELIVERED,SOUTH
1643,308,2023-01-01 13:11:01,DELIVERED,EAST
1644,69,2023-04-02 23:57:52,PLACED,WEST
1645,249,2024-08-30 18:25:11,DELIVERED,WEST
1646,255,2024-06-28 08:07:56,RETURNED,EAST
1647,412,2023-07-11 19:20:53,DELIVERED,SOUTH
1648,146,2025-11-10 06:51:06,SHIPPED,NORTH
1649,537,2023-06-09 09:39:37,DELIVERED,SOUTH
1650,306,2023-07-13 23:17:08,DELIVERED,SOUTH
1651,350,2024-02-27 16:43:37,PLACED,EAST
1652,478,2024-10-23 15:05:49,CANCELLED,WEST
1653,231,2025-03-23 04:51:44,RETURNED,CENTRAL
1654,372,2024-01-10 20:02:23,DELIVERED,WEST
1655,108,2024-03-11 06:44:45,DELIVERED,EAST
1656,337,2024-10-13 21:30:46,SHIPPED,EAST
1657,104,2025-01-24 06:34:11,DELIVERED,CENTRAL
1658,273,2023-06-11 12:06:46,CANCELLED,WEST
1659,580,2024-08-06 19:40:20,CANCELLED,WEST
1660,,2023-06-17 10:59:19,DELIVERED,NORTH
1661,121,2024-01-06 16:11:11,DELIVERED,CENTRAL
1662,404,2023-03-03 22:16:19,DELIVERED,WEST
1663,536,2023-02-27 21:45:31,CANCELLED,WEST
1664,27,2023-12-02 14:32:15,PLACED,EAST
1665,423,2023-02-14 01:52:51,CANCELLED,EAST
1666,353,2024-07-01 09:37:14,SHIPPED,WEST
1667,333,2024-12-12 19:06:16,DELIVERED,SOUTH
1668,561,2025-10-04 01:53:16,DELIVERED,EAST
1669,177,2025-02-15 11:15:06,SHIPPED,CENTRAL
1670,234,2024-05-06 17:14:53,PLACED,NORTH
1671,321,2025-08-23 22:22:26,SHIPPED,WEST
1672,498,2024-06-28 15:05:17,DELIVERED,EAST
1673,173,16-05-2024,SHIPPED,EAST
1674,574,2024-04-05 03:16:26,DELIVERED,WEST
1675,78,2023-11-05 13:04:33,DELIVERED,WEST
1676,150,2024-06-12 10:13:52,DELIVERED,WEST
1677,301,2025-08-10 21:57:22,PLACED,SOUTH
1678,42,2024-01-17 23:57:01,DELIVERED,EAST
1679,,2023-12-15 16:47:45,RETURNED,SOUTH
1680,451,2025-10-03 11:16:41,PLACED,EAST
1681,22,2025-08-09 01:14:06,DELIVERED,CENTRAL
1682,582,2023-10-26 15:11:36,CANCELLED,CENTRAL
1683,590,2024-08-24 08:16:31,DELIVERED,EAST
1684,270,2024-11-01 00:34:39,RETURNED,SOUTH
1685,366,2023-04-30 16:16:33,PLACED,SOUTH
1686,593,2023-07-20 00:41:42,RETURNED,CENTRAL
1687,549,2024-05-01 23:33:35,CANCELLED,SOUTH
1688,568,2023-12-14 21:58:32,DELIVERED,NORTH
1689,449,2025-02-11 06:27:34,PLACED,SOUTH
1690,,2024-11-27 16:06:32,PLACED,EAST
1691,152,2023-04-10 01:46:21,PLACED,EAST
1692,29,2025-07-17 13:18:25,DELIVERED,SOUTH
1693,221,2025-10-25 01:43:23,DELIVERED,EAST
1694,584,2025-02-28 01:55:56,PLACED,CENTRAL
1695,323,2023-01-11 12:36:10,PLACED,EAST
1696,73,2025-08-11 14:00:14,DELIVERED,SOUTH
1697,255,2025-07-23 10:29:41,RETURNED,SOUTH
1698,,2025-02-07 22:00:26,SHIPPED,NORTH
1699,588,2025-12-24 20:30:44,DELIVERED,WEST
1700,486,2023-08-04 04:00:30,SHIPPED,EAST
1701,441,2024-01-27 11:46:04,SHIPPED,WEST
1702,360,2025-10-02 10:18:25,SHIPPED,NORTH
1703,21,2025-07-30 15:15:41,DELIVERED,EAST
1704,2,01-04-2025,SHIPPED,EAST
1705,,2025-06-01 11:30:26,CANCELLED,SOUTH
1706,511,2023-10-10 09:29:58,RETURNED,NORTH
1707,159,2025-07-20 15:07:08,SHIPPED,WEST
1708,182,2025-02-27 02:35:09,CANCELLED,NORTH
1709,551,2023-07-06 20:28:41,SHIPPED,EAST
1710,185,2025-07-05 16:45:30,RETURNED,WEST
1711,159,2025-08-10 13:26:24,RETURNED,CENTRAL
1712,459,2023-06-30 19:01:17,PLACED,SOUTH
1713,246,2025-02-01 09:09:46,DELIVERED,EAST
1714,492,2025-10-21 17:54:29,CANCELLED,NORTH
1715,94,2025-10-27 17:32:33,RETURNED,CENTRAL
1716,545,2025-03-21 09:22:20,DELIVERED,SOUTH
1717,139,2024-11-26 19:05:33,SHIPPED,WEST
1718,387,2023-05-08 23:40:49,DELIVERED,EAST
1719,399,2024-04-20 04:41:18,DELIVERED,EAST
1720,57,2025-03-30 12:29:39,SHIPPED,NORTH
1721,585,2025-04-23 04:34:02,SHIPPED,NORTH
1722,49,2024-04-15 14:38:33,DELIVERED,CENTRAL
1723,445,2025-02-28 17:35:14,SHIPPED,EAST
1724,46,2023-11-30 04:53:05,RETURNED,SOUTH
1725,75,2023-11-13 07:03:54,DELIVERED,CENTRAL
1726,,2024-08-15 14:55:50,DELIVERED,EAST
1727,,2024-01-09 10:17:28,RETURNED,EAST
1728,400,2023-12-21 18:19:07,CANCELLED,NORTH
1729,253,2025-08-23 21:01:57,CANCELLED,WEST
1730,318,2023-11-15 06:20:28,DELIVERED,EAST
1731,11,2024-10-08 01:24:17,DELIVERED,SOUTH
1732,500,2024-01-29 16:23:12,DELIVERED,WEST
1733,,2024-11-28 16:42:47,DELIVERED,NORTH
1734,119,2023-09-04 21:06:35,DELIVERED,SOUTH
1735,172,2024-02-03 10:58:54,DELIVERED,WEST
1736,294,2024-03-18 06:33:54,SHIPPED,NORTH
1737,207,2023-05-15 09:04:04,DELIVERED,SOUTH
1738,37,2024-12-29 11:59:01,PLACED,NORTH
1739,189,2023-05-10 21:07:59,CANCELLED,SOUTH
1740,380,2024-11-11 13:52:15,DELIVERED,NORTH
1741,516,2023-10-21 13:17:26,DELIVERED,NORTH
1742,157,2024-06-14 06:21:24,SHIPPED,SOUTH
1743,206,27-09-2025,DELIVERED,EAST
1744,231,2023-10-13 18:38:37,SHIPPED,WEST
1745,,2024-11-15 08:10:02,SHIPPED,CENTRAL
1746,165,2023-08-11 16:58:36,SHIPPED,NORTH
1747,420,2025-03-15 18:12:13,DELIVERED,SOUTH
1748,330,29-07-2024,RETURNED,SOUTH
1749,,2023-01-06 07:32:32,CANCELLED,CENTRAL
1750,230,03-09-2025,DELIVERED,NORTH
1751,488,2025-06-06 18:45:40,SHIPPED,CENTRAL
1752,244,2025-11-26 19:39:19,SHIPPED,WEST
1753,157,2024-12-06 14:40:05,DELIVERED,SOUTH
1754,179,2024-08-26 10:31:54,CANCELLED,EAST
1755,443,2024-04-10 19:30:14,DELIVERED,CENTRAL
1756,412,2023-07-14 05:14:26,DELIVERED,WEST
1757,428,2024-12-16 11:43:27,DELIVERED,WEST
1758,346,2024-05-21 10:34:13,PLACED,CENTRAL
1759,223,2023-10-24 15:41:38,RETURNED,CENTRAL
1760,475,2025-05-01 14:34:58,DELIVERED,EAST
1761,219,2024-09-02 05:44:51,PLACED,WEST
1762,423,2023-03-21 01:09:24,SHIPPED,SOUTH
1763,530,2024-11-01 18:04:03,DELIVERED,SOUTH
1764,177,2024-02-29 14:06:26,DELIVERED,SOUTH
1765,589,2023-11-04 06:52:55,SHIPPED,SOUTH
1766,134,2025-01-26 00:55:53,RETURNED,CENTRAL
1767,37,2025-11-16 10:10:06,PLACED,NORTH
1768,,2023-03-23 22:45:48,PLACED,EAST
1769,155,2023-11-27 21:39:27,PLACED,CENTRAL
1770,598,2024-11-24 19:05:22,DELIVERED,EAST
1771,576,2023-09-06 06:14:17,SHIPPED,WEST
1772,420,2023-09-03 21:07:18,DELIVERED,EAST
1773,256,2023-06-26 02:23:00,PLACED,WEST
1774,41,2023-07-30 15:29:14,DELIVERED,WEST
1775,21,2025-06-29 14:12:06,CANCELLED,WEST
1776,187,2024-11-25 21:47:54,RETURNED,CENTRAL
1777,348,2023-05-13 01:25:17,PLACED,SOUTH
1778,404,2023-08-21 05:14:31,RETURNED,SOUTH
1779,329,2024-03-30 03:34:40,RETURNED,NORTH
1780,507,2023-01-25 18:51:55,DELIVERED,SOUTH
1781,259,2023-10-26 07:08:30,RETURNED,NORTH
1782,171,2023-03-22 19:06:47,DELIVERED,EAST
1783,444,08-06-2024,DELIVERED,WEST
1784,341,06-05-2025,CANCELLED,CENTRAL
1785,,10-06-2025,DELIVERED,WEST
1786,37,2025-12-16 02:13:33,DELIVERED,EAST
1787,525,2024-10-21 11:02:14,SHIPPED,EAST
1788,566,2023-10-27 15:57:40,SHIPPED,WEST
1789,87,2025-10-31 22:34:42,CANCELLED,NORTH
1790,,2023-07-19 15:47:24,PLACED,NORTH
1791,67,2023-08-28 05:45:52,SHIPPED,NORTH
1792,10,2023-01-21 21:20:55,SHIPPED,CENTRAL
1793,597,2025-08-30 15:40:59,RETURNED,EAST
1794,109,2025-08-09 14:05:07,DELIVERED,SOUTH
1795,84,2023-10-16 06:43:49,RETURNED,NORTH
1796,239,23-11-2023,PLACED,EAST
1797,198,2025-01-09 12:12:38,DELIVERED,WEST
1798,191,2024-12-29 21:26:01,DELIVERED,NORTH
1799,520,2023-01-10 19:22:49,RETURNED,EAST
1800,556,2025-06-12 21:44:14,DELIVERED,NORTH
1801,330,2023-12-20 17:51:03,DELIVERED,CENTRAL
1802,423,2025-02-26 01:26:49,SHIPPED,EAST
1803,247,04-04-2025,CANCELLED,EAST
1804,166,2023-04-11 10:27:04,DELIVERED,NORTH
1805,441,2023-05-05 04:48:43,CANCELLED,WEST
1806,,2025-11-13 19:13:28,DELIVERED,EAST
1807,68,2025-06-03 05:21:22,CANCELLED,WEST
1808,492,2024-07-29 11:07:50,DELIVERED,EAST
1809,195,2023-12-21 08:37:04,PLACED,EAST
1810,473,2024-05-18 21:18:25,CANCELLED,WEST
1811,476,2024-12-03 10:21:30,DELIVERED,WEST
1812,26,2023-08-05 14:24:09,DELIVERED,SOUTH
1813,15,2024-11-05 18:54:26,DELIVERED,SOUTH
1814,189,2023-12-04 02:06:53,DELIVERED,SOUTH
1815,203,2023-02-03 16:18:50,SHIPPED,CENTRAL
1816,195,2025-01-25 19:19:51,DELIVERED,WEST
1817,164,2025-01-27 01:25:54,PLACED,NORTH
1818,332,2025-01-10 12:40:24,PLACED,CENTRAL
1819,222,2024-10-08 18:28:55,RETURNED,SOUTH
1820,319,2025-11-28 15:30:52,DELIVERED,CENTRAL
1821,289,2024-06-13 21:01:36,CANCELLED,SOUTH
1822,485,09-04-2023,DELIVERED,SOUTH
1823,335,2025-12-05 05:00:16,CANCELLED,EAST
1824,488,2024-03-11 18:57:59,DELIVERED,EAST
1825,131,2024-05-14 22:47:40,DELIVERED,SOUTH
1826,243,2024-01-22 23:05:10,DELIVERED,NORTH
1827,98,2024-08-19 17:54:06,DELIVERED,NORTH
1828,474,2025-07-25 02:32:52,RETURNED,EAST
1829,399,2023-10-28 02:20:11,SHIPPED,SOUTH
1830,61,2025-01-05 22:33:57,DELIVERED,EAST
1831,495,2025-05-22 20:19:35,SHIPPED,EAST
1832,322,2025-07-28 11:29:52,SHIPPED,SOUTH
1833,124,2024-04-04 05:29:47,DELIVERED,SOUTH
1834,517,2024-03-14 18:43:57,DELIVERED,NORTH
1835,210,2023-08-12 18:55:52,PLACED,WEST
1836,477,2023-08-18 07:28:35,DELIVERED,SOUTH
1837,322,2023-06-17 09:01:11,DELIVERED,SOUTH
1838,465,2024-03-18 08:43:33,PLACED,NORTH
1839,335,2025-05-08 09:29:37,PLACED,WEST
1840,445,2025-10-01 00:51:58,SHIPPED,CENTRAL
1841,36,2025-09-26 19:55:45,DELIVERED,CENTRAL
1842,,05-03-2025,DELIVERED,SOUTH
1843,70,2023-08-06 08:16:35,DELIVERED,SOUTH
1844,369,2024-07-08 16:56:45,DELIVERED,NORTH
1845,559,2023-04-07 13:08:12,DELIVERED,WEST
1846,562,2023-05-19 23:49:19,DELIVERED,NORTH
1847,268,2023-12-20 05:56:35,DELIVERED,CENTRAL
1848,,2025-09-25 17:08:40,SHIPPED,NORTH
1849,,2023-12-28 10:24:14,RETURNED,SOUTH
1850,331,2024-08-24 23:59:20,DELIVERED,NORTH
1851,297,03-02-2025,DELIVERED,WEST
1852,42,2023-11-07 21:10:42,SHIPPED,CENTRAL
1853,358,2025-12-26 05:54:11,CANCELLED,CENTRAL
1854,169,2024-09-08 23:59:57,DELIVERED,CENTRAL
1855,570,2024-08-04 10:56:13,SHIPPED,SOUTH
1856,263,2024-06-03 14:31:56,CANCELLED,WEST
1857,293,02-12-2024,DELIVERED,CENTRAL
1858,210,2023-10-15 03:02:16,DELIVERED,NORTH
1859,211,2023-11-07 21:51:29,DELIVERED,EAST
1860,220,2025-07-10 14:16:03,DELIVERED,NORTH
1861,236,2025-05-30 13:34:21,CANCELLED,SOUTH
1862,318,2023-01-20 04:49:36,SHIPPED,EAST
1863,398,2024-05-23 12:49:13,DELIVERED,SOUTH
1864,492,2025-05-21 05:15:10,DELIVERED,SOUTH
1865,110,2023-01-01 10:05:37,DELIVERED,NORTH
1866,1,2024-04-16 09:18:26,DELIVERED,SOUTH
1867,377,2023-12-01 11:17:16,RETURNED,EAST
1868,428,12-10-2025,DELIVERED,NORTH
1869,270,2024-12-10 19:29:50,CANCELLED,SOUTH
1870,32,2025-01-10 05:23:13,PLACED,SOUTH
1871,594,2025-12-15 12:26:32,SHIPPED,CENTRAL
1872,157,2023-12-01 17:30:42,DELIVERED,NORTH
1873,,2024-11-02 20:18:12,DELIVERED,NORTH
1874,46,2025-10-17 00:11:46,DELIVERED,EAST
1875,491,2023-11-11 21:09:09,PLACED,EAST
1876,193,2023-12-31 18:40:05,CANCELLED,NORTH
1877,446,2025-05-18 06:57:26,DELIVERED,SOUTH
1878,49,2024-03-21 02:07:55,DELIVERED,WEST
1879,558,2023-09-12 14:26:16,RETURNED,CENTRAL
1880,329,2025-09-20 03:21:37,SHIPPED,WEST
1881,356,2024-03-30 07:18:32,DELIVERED,WEST
1882,418,2024-07-13 18:01:59,PLACED,EAST
1883,341,2024-07-11 04:08:16,DELIVERED,CENTRAL
1884,169,2023-03-08 10:02:57,RETURNED,SOUTH
1885,554,2025-09-09 20:40:13,SHIPPED,CENTRAL
1886,211,2025-12-12 20:55:16,CANCELLED,NORTH
1887,558,2023-03-07 05:04:08,DELIVERED,EAST
1888,169,2023-12-19 07:03:28,DELIVERED,WEST
1889,383,2025-05-01 23:43:27,DELIVERED,WEST
1890,360,2024-09-25 19:17:04,RETURNED,SOUTH
1891,465,2023-08-30 20:57:38,CANCELLED,SOUTH
1892,517,2023-06-17 11:06:27,RETURNED,EAST
1893,416,2024-04-15 11:20:59,DELIVERED,NORTH
1894,196,06-02-2023,SHIPPED,SOUTH
1895,74,2023-04-15 02:45:20,RETURNED,WEST
1896,413,2023-01-17 10:01:13,SHIPPED,WEST
1897,312,2024-10-27 16:31:41,RETURNED,CENTRAL
1898,504,2023-02-18 23:04:39,DELIVERED,EAST
1899,393,2025-04-17 08:01:17,DELIVERED,CENTRAL
1900,360,2025-11-29 20:59:25,PLACED,NORTH
1901,89,2025-01-07 16:30:12,PLACED,SOUTH
1902,97,2024-12-07 07:55:48,SHIPPED,CENTRAL
1903,36,2024-05-16 13:33:34,DELIVERED,WEST
1904,421,28-05-2023,PLACED,NORTH
1905,456,2023-04-18 08:13:12,DELIVERED,CENTRAL
1906,549,2025-10-12 11:47:19,SHIPPED,NORTH
1907,503,2023-09-28 04:09:29,SHIPPED,SOUTH
1908,,2025-07-22 19:23:27,PLACED,SOUTH
1909,79,2023-11-06 07:50:47,SHIPPED,WEST
1910,181,08-08-2024,SHIPPED,EAST
1911,598,2025-02-05 09:27:36,DELIVERED,NORTH
1912,143,2023-07-25 01:16:46,RETURNED,CENTRAL
1913,,2025-02-09 17:39:03,DELIVERED,NORTH
1914,378,2025-09-13 04:15:08,DELIVERED,NORTH
1915,571,2025-12-26 14:14:15,PLACED,EAST
1916,367,2025-01-07 07:19:18,RETURNED,SOUTH
1917,166,2023-05-15 04:23:15,DELIVERED,WEST
1918,560,2024-08-02 22:15:41,DELIVERED,SOUTH
1919,119,19-05-2025,SHIPPED,EAST
1920,401,2023-01-18 09:19:42,DELIVERED,NORTH
1921,273,2025-06-28 15:44:17,SHIPPED,SOUTH
1922,250,2025-01-16 06:12:22,SHIPPED,WEST
1923,220,2023-06-03 20:44:25,DELIVERED,CENTRAL
1924,73,2023-08-15 23:27:53,CANCELLED,SOUTH
1925,70,2025-01-12 01:30:51,RETURNED,CENTRAL
1926,424,2025-08-29 20:56:04,SHIPPED,EAST
1927,443,2023-03-08 15:45:35,DELIVERED,NORTH
1928,383,2024-08-30 01:11:37,CANCELLED,SOUTH
1929,131,2025-01-14 16:03:08,DELIVERED,WEST
1930,162,2024-01-10 21:49:47,SHIPPED,NORTH
1931,32,2024-10-10 06:41:04,PLACED,SOUTH
1932,41,2024-07-28 00:44:46,SHIPPED,EAST
1933,549,2025-07-29 07:03:56,SHIPPED,WEST
1934,396,2025-12-05 11:20:21,DELIVERED,CENTRAL
1935,588,2023-08-02 05:41:50,PLACED,WEST
1936,546,2025-03-14 03:04:00,PLACED,EAST
1937,296,2025-07-12 10:05:56,SHIPPED,EAST
1938,580,2023-10-25 02:56:05,SHIPPED,EAST
1939,422,2024-03-08 16:03:28,DELIVERED,SOUTH
1940,143,2025-12-05 06:53:01,DELIVERED,EAST
1941,567,2024-05-13 21:03:35,DELIVERED,CENTRAL
1942,299,2025-09-19 00:33:38,DELIVERED,EAST
1943,509,2024-08-05 12:57:43,DELIVERED,EAST
1944,471,2025-04-14 20:02:43,SHIPPED,NORTH
1945,386,2025-05-05 10:57:57,PLACED,SOUTH
1946,261,2025-02-08 01:00:38,RETURNED,CENTRAL
1947,524,2025-05-31 12:12:18,SHIPPED,WEST
1948,502,2025-07-13 17:20:25,DELIVERED,EAST
1949,186,2023-07-10 22:39:46,CANCELLED,NORTH
1950,,2023-04-20 04:13:39,DELIVERED,EAST
1951,99,2025-12-02 18:56:11,PLACED,CENTRAL
1952,115,2024-06-08 10:51:35,DELIVERED,EAST
1953,237,2023-12-09 10:30:34,DELIVERED,EAST
1954,363,2024-01-03 04:13:35,DELIVERED,EAST
1955,176,2024-08-18 09:24:56,DELIVERED,SOUTH
1956,277,2025-01-25 08:58:40,SHIPPED,WEST
1957,471,2025-08-04 23:48:14,SHIPPED,SOUTH
1958,4,2024-01-06 22:01:06,DELIVERED,CENTRAL
1959,457,2023-11-28 11:40:27,CANCELLED,WEST
1960,454,2023-08-22 14:46:44,DELIVERED,CENTRAL
1961,24,2025-04-20 19:48:27,SHIPPED,WEST
1962,537,2024-06-15 17:26:56,DELIVERED,CENTRAL
1963,453,2025-07-31 05:58:11,PLACED,NORTH
1964,387,2023-09-19 13:43:22,SHIPPED,EAST
1965,281,2024-01-22 10:39:21,CANCELLED,WEST
1966,481,2023-02-07 17:04:26,DELIVERED,NORTH
1967,23,2024-08-27 02:07:11,DELIVERED,NORTH
1968,457,2024-10-20 21:00:14,SHIPPED,SOUTH
1969,267,2025-01-13 08:55:10,SHIPPED,CENTRAL
1970,544,2023-11-01 00:40:50,RETURNED,EAST
1971,,2023-12-22 02:05:13,RETURNED,NORTH
1972,567,2023-03-19 18:33:40,DELIVERED,EAST
1973,301,2023-08-09 00:29:58,SHIPPED,SOUTH
1974,320,2023-09-16 20:22:18,SHIPPED,NORTH
1975,587,2025-10-13 22:04:25,CANCELLED,SOUTH
1976,482,2024-10-19 12:25:33,SHIPPED,SOUTH
1977,79,2023-04-15 16:11:12,SHIPPED,SOUTH
1978,474,2025-05-09 17:41:18,DELIVERED,SOUTH
1979,192,2024-01-17 14:22:00,SHIPPED,SOUTH
1980,526,2023-02-02 04:25:17,CANCELLED,WEST
1981,50,2024-12-29 16:04:52,PLACED,CENTRAL
1982,588,2024-03-09 20:12:11,DELIVERED,NORTH
1983,166,2025-09-21 10:00:15,PLACED,WEST
1984,295,2024-12-16 18:51:05,DELIVERED,WEST
1985,414,2025-03-26 15:18:43,DELIVERED,CENTRAL
1986,592,2024-09-21 10:53:57,DELIVERED,WEST
1987,512,2023-07-16 02:33:44,SHIPPED,CENTRAL
1988,306,2023-06-29 11:30:05,DELIVERED,WEST
1989,25,2024-05-03 15:05:39,DELIVERED,SOUTH
1990,151,2024-11-29 22:59:42,DELIVERED,SOUTH
1991,310,2024-09-07 17:24:02,PLACED,SOUTH
1992,259,2025-01-26 04:19:06,DELIVERED,EAST
1993,475,2023-07-22 14:11:25,PLACED,SOUTH
1994,104,2024-04-03 21:59:04,DELIVERED,WEST
1995,444,2023-05-02 08:39:15,DELIVERED,CENTRAL
1996,42,2025-01-14 19:30:32,SHIPPED,EAST
1997,170,2023-01-18 04:12:15,PLACED,CENTRAL
1998,26,2025-03-02 11:47:12,DELIVERED,NORTH
1999,343,2025-08-10 03:32:20,DELIVERED,EAST
2000,530,2025-06-28 17:32:22,DELIVERED,WEST
